"Timestamp","Transaction Hash","Tracked Address","Transaction Type","Sender","Recipient","Amount","Currency","Fee Amount","Fee Currency"
"2022.07.02 02:28:08+04:30","383BD456AE80AF20C7382B1A5FD4F8A064A34F0ABE54464307E3D3A4E31503E8","terra1kcthelkax4j9x8d3ny6sdag0qmxxynl3qtcrpy","MsgExecuteContract","","","0","","0.192624","USTC"
"2022.07.02 02:28:02+04:30","14CD7A87B65052B7150CA1817F89482BA66539D4DEED5CBF75345AE659270EF9","terra1kcthelkax4j9x8d3ny6sdag0qmxxynl3qtcrpy","MsgExecuteContract","","","0","","0.197751","USTC"
"2022.07.02 02:24:57+04:30","C9F265AAE7863B2AFE5518761CB2EC237AAF482ECCC9AF4096E7A66C1EC04707","terra1kcthelkax4j9x8d3ny6sdag0qmxxynl3qtcrpy","MsgExecuteContract","","","0","","0.305784","USTC"
"2022.07.02 02:24:39+04:30","DCAFFF1D696FF46870790CC5DAC2BC0F42CDC09BEF3D6BC2A802C54934820D1E","terra1kcthelkax4j9x8d3ny6sdag0qmxxynl3qtcrpy","MsgExecuteContract","","","0","","0.305786","USTC"
"2022.07.02 02:22:32+04:30","3926D12D93C80DEA1C4C2F3739A10287F0B944015DFCDA03F7266D88265BD4EB","terra1kcthelkax4j9x8d3ny6sdag0qmxxynl3qtcrpy","MsgExecuteContract","","","0","","0.298093","USTC"
"2022.07.02 02:22:26+04:30","E03C6B32CFE9264D35890ED7E4F9E43CA9996F96D35A574296966AC4344BF6BD","terra1kcthelkax4j9x8d3ny6sdag0qmxxynl3qtcrpy","MsgExecuteContract","","","0","","0.298088","USTC"
"2022.07.02 02:22:20+04:30","AC1DE7DB43EF9DAAB232DB2BEB1D07581B08B8C3F9D9B0BB46BE96E5178CB857","terra1kcthelkax4j9x8d3ny6sdag0qmxxynl3qtcrpy","MsgExecuteContract","","","0","","0.298090","USTC"
"2022.07.02 02:22:14+04:30","93AAA3B448361AB497FB5E3E1A89E24D9769E1C3920C7F5E177FAA29CB5A0F70","terra1kcthelkax4j9x8d3ny6sdag0qmxxynl3qtcrpy","MsgExecuteContract","","","0","","0.298093","USTC"
"2022.07.02 02:22:07+04:30","36AAA9A6585DB883A9D42CC7002BDECCB0539780A84791EB8457AE17404BAF28","terra1kcthelkax4j9x8d3ny6sdag0qmxxynl3qtcrpy","MsgExecuteContract","","","0","","0.298090","USTC"
"2022.07.02 02:21:55+04:30","AF4BAC7E080190BDF4C3E8F6B29C15CC54B0744192F4E308BA53A7E71781E4BC","terra1kcthelkax4j9x8d3ny6sdag0qmxxynl3qtcrpy","MsgExecuteContract","","","0","","0.298091","USTC"
"2022.07.02 02:21:49+04:30","92D490B6028DCB39F52FF06114A9BF475D615BB8B2C98EDDBFAEBC9A3738D931","terra1kcthelkax4j9x8d3ny6sdag0qmxxynl3qtcrpy","MsgExecuteContract","","","0","","0.298089","USTC"
"2022.07.02 02:21:43+04:30","50E7C0316DC8BFE2EEEEB90205B5AE274FC933AFC29AEA0CFA55D8FCF24503BA","terra1kcthelkax4j9x8d3ny6sdag0qmxxynl3qtcrpy","MsgExecuteContract","","","0","","0.298091","USTC"
"2022.07.02 02:21:37+04:30","6B62233082689482FCE8EC7ACF9326D22952B87AB7B10B91B57CAC4C21E6EDAF","terra1kcthelkax4j9x8d3ny6sdag0qmxxynl3qtcrpy","MsgExecuteContract","","","0","","0.298089","USTC"
"2022.07.02 02:21:26+04:30","F50C336C47C1D66A45B5DBD64488D555FA878621AE5F422C42154B1B263B635B","terra1kcthelkax4j9x8d3ny6sdag0qmxxynl3qtcrpy","MsgExecuteContract","","","0","","0.298089","USTC"
"2022.07.02 02:21:19+04:30","BFB72721601ECCE09907B80A922A9B2AF49C87016FF92036B54D57E16C793CE4","terra1kcthelkax4j9x8d3ny6sdag0qmxxynl3qtcrpy","MsgExecuteContract","","","0","","0.305782","USTC"
"2022.07.02 02:21:01+04:30","8AC333C781C28CBDB8883FE7E0B2785BF28F30503B6F32392897542B3504EAF3","terra1kcthelkax4j9x8d3ny6sdag0qmxxynl3qtcrpy","MsgExecuteContract","","","0","","0.156466","USTC"
"2022.07.02 02:20:55+04:30","7C4C7B52E26DDA4C8633DBF16A0F906CC3BB1C3549C83DCAAF84B33F4154464F","terra1kcthelkax4j9x8d3ny6sdag0qmxxynl3qtcrpy","MsgExecuteContract","","","0","","0.156465","USTC"
"2022.07.02 02:20:49+04:30","A8A5DC515671F9896C1020A793E26152AC563504E8A7C0F6AD69D9B59CEE42D4","terra1kcthelkax4j9x8d3ny6sdag0qmxxynl3qtcrpy","MsgExecuteContract","","","0","","0.156468","USTC"
"2022.07.02 02:20:43+04:30","4E088F5DEC0EA5297DA00B97CD4084B3718523A3CDE1617F3B45EE8079810C30","terra1kcthelkax4j9x8d3ny6sdag0qmxxynl3qtcrpy","MsgExecuteContract","","","0","","0.156467","USTC"
"2022.07.02 02:20:37+04:30","26284846A9CEF6FC7D3E2A72B3BB4D0BE3A9D1202B1DE1A48AC95C6FE85087A1","terra1kcthelkax4j9x8d3ny6sdag0qmxxynl3qtcrpy","MsgExecuteContract","","","0","","0.156441","USTC"
"2022.07.02 02:20:31+04:30","C1BDAF3CA1679615272EE33C82C995AB99CA11D9DD20078F3A9E14336886157C","terra1kcthelkax4j9x8d3ny6sdag0qmxxynl3qtcrpy","MsgExecuteContract","","","0","","0.156445","USTC"
"2022.07.02 02:19:48+04:30","D0C8C3EDD80249CC165574F86B48F628837FD4231CCA180BD52D10AE8CF10EAA","terra1kcthelkax4j9x8d3ny6sdag0qmxxynl3qtcrpy","MsgExecuteContract","","","0","","0.156444","USTC"
"2022.07.02 02:19:12+04:30","1D94A50D035019408D285B7491F03BBA90BEE744A7ADEDFD3A69E8FB8B6133D0","terra1kcthelkax4j9x8d3ny6sdag0qmxxynl3qtcrpy","MsgExecuteContract","","","0","","0.298066","USTC"
"2022.07.02 02:19:12+04:30","B802F30BB4DDB965ED1F3AD794DA8DD8712FD7941F06774D2A0D48ADEA59C775","terra1kcthelkax4j9x8d3ny6sdag0qmxxynl3qtcrpy","MsgExecuteContract","","","0","","5.115195","Lunc"
"2022.07.02 02:19:06+04:30","000F9CE7588DE4C930A22D2E58400BACC6F51D13D7ADFCBE8B751D0C68A6ADAF","terra1kcthelkax4j9x8d3ny6sdag0qmxxynl3qtcrpy","MsgExecuteContract","","","0","","0.305759","USTC"
"2022.07.02 02:18:42+04:30","7D0CFC05D2611FB4DA6AC3BB37D95E0C27B2A6A67603B0A74D99C7CA9BA7A9F9","terra1kcthelkax4j9x8d3ny6sdag0qmxxynl3qtcrpy","MsgExecuteContract","","","0","","0.298066","USTC"
"2022.07.02 02:18:36+04:30","AE91C8F5634B0DA9111898F2656729FD257B9BF454985A7AE70A295B8291D22D","terra1kcthelkax4j9x8d3ny6sdag0qmxxynl3qtcrpy","MsgExecuteContract","","","0","","0.305757","USTC"
"2022.07.02 02:18:06+04:30","8A2D1839AC75B70D5CCFDFBE10C92B21352EF117198D0B55C3AEBCAFBE287D95","terra1kcthelkax4j9x8d3ny6sdag0qmxxynl3qtcrpy","MsgExecuteContract","","","0","","0.029146","USTC"
"2022.07.02 02:18:00+04:30","4B24BFB4CC222C3378C1C41688A40D89BB76394D9405B61BFA42E61C574EC4AF","terra1kcthelkax4j9x8d3ny6sdag0qmxxynl3qtcrpy","MsgExecuteContract","","","0","","0.298091","USTC"
"2022.07.02 02:17:54+04:30","FDCCBE07DEB06419B896E0C2BD70D334BC64A316B45345C1ECDF5C8C10DE200E","terra1kcthelkax4j9x8d3ny6sdag0qmxxynl3qtcrpy","MsgExecuteContract","","","0","","0.298088","USTC"
"2022.07.02 02:17:47+04:30","FCA774DF96517D3547BAB53FBDE9644F97D0413316B34DD245A21FECA1AC831E","terra1kcthelkax4j9x8d3ny6sdag0qmxxynl3qtcrpy","MsgExecuteContract","","","0","","0.298092","USTC"
"2022.07.02 02:17:35+04:30","C5DE26000FFEA5825D2954FBC16FF3E838D93B530ECB4CE9C1DCBEFC116AD4E6","terra1kcthelkax4j9x8d3ny6sdag0qmxxynl3qtcrpy","MsgExecuteContract","","","0","","0.298092","USTC"
"2022.07.02 02:17:29+04:30","7E3DD23F390D6209DEB2DF8F36EFB6BF7DAD6C3ADA6D38EC24323B08BFC6BACD","terra1kcthelkax4j9x8d3ny6sdag0qmxxynl3qtcrpy","MsgExecuteContract","","","0","","0.298090","USTC"
"2022.07.02 02:17:23+04:30","DDCB36D768BFD8C532225CEBFEDB94BFF1D1D26DB0D8FE5D4BB05BF7FF5444D1","terra1kcthelkax4j9x8d3ny6sdag0qmxxynl3qtcrpy","MsgExecuteContract","","","0","","0.298090","USTC"
"2022.07.02 02:17:17+04:30","842CE663E5A035F9A04F5BC132E4E6E7E86F9CBAFDAEA7B8E096736905623455","terra1kcthelkax4j9x8d3ny6sdag0qmxxynl3qtcrpy","MsgExecuteContract","","","0","","0.298089","USTC"
"2022.07.02 02:17:11+04:30","96DC1B3DB0D2B4CC5B93EAA342CA09708A9F77DA1E4E1E6BFF2C6FC38A18C0D4","terra1kcthelkax4j9x8d3ny6sdag0qmxxynl3qtcrpy","MsgExecuteContract","","","0","","0.298093","USTC"
"2022.07.02 02:17:11+04:30","C57B7E50CDA3AA6283607AECC00B055EA136803C65106F113E802B9E07B71EB4","terra1kcthelkax4j9x8d3ny6sdag0qmxxynl3qtcrpy","MsgExecuteContract","","","0","","0.085048","USTC"
"2022.07.02 02:17:05+04:30","157D5CAD25010507C8F914F2CA11E2D011EF4DCA6603F6AFAD5ECD8772CEE742","terra1kcthelkax4j9x8d3ny6sdag0qmxxynl3qtcrpy","MsgExecuteContract","","","0","","0.305783","USTC"
"2022.07.02 02:16:40+04:30","A24C10E353C6E71A1C1724A4F4AF4A8174A10F54E203DFA982F0BF4583650D88","terra1kcthelkax4j9x8d3ny6sdag0qmxxynl3qtcrpy","MsgExecuteContract","","","0","","0.298091","USTC"
"2022.07.02 02:16:34+04:30","F2B20055DADACD627AD7BFA1EE8970206E9AF879DAFA467C856FBF1E57BDC248","terra1kcthelkax4j9x8d3ny6sdag0qmxxynl3qtcrpy","MsgExecuteContract","","","0","","0.298089","USTC"
"2022.07.02 02:16:27+04:30","471242C9A94D4A0DF4CEA8C8B0E3024D9D7AAB7510D99781D259BC3AE3ED83BC","terra1kcthelkax4j9x8d3ny6sdag0qmxxynl3qtcrpy","MsgExecuteContract","","","0","","0.298089","USTC"
"2022.07.02 02:16:21+04:30","8B297982A43972F07CB6FD58686AA74E1DF54DF82E273A8E0B83B5CDB24D0B8D","terra1kcthelkax4j9x8d3ny6sdag0qmxxynl3qtcrpy","MsgExecuteContract","","","0","","0.298093","USTC"
"2022.07.02 02:16:15+04:30","1EC8F0618FF7653E56B52D7C84638EAEB714106A10C2A379414DE26FBA652D4A","terra1kcthelkax4j9x8d3ny6sdag0qmxxynl3qtcrpy","MsgExecuteContract","","","0","","0.298092","USTC"
"2022.07.02 02:16:09+04:30","6C5781D2D693ACD18C27587BD9C47C83E15FE33385943B34D54A412375912B0B","terra1kcthelkax4j9x8d3ny6sdag0qmxxynl3qtcrpy","MsgExecuteContract","","","0","","0.298089","USTC"
"2022.07.02 02:16:03+04:30","5390D017A1EAE3BF83408C7FE83565C7B0D3DA47112924E1005AD440276FA880","terra1kcthelkax4j9x8d3ny6sdag0qmxxynl3qtcrpy","MsgExecuteContract","","","0","","0.298090","USTC"
"2022.07.02 02:15:57+04:30","6118A3F892F532031AB8AF9BE7F21C4C373F51D425E969492F6B2A66AD6B4076","terra1kcthelkax4j9x8d3ny6sdag0qmxxynl3qtcrpy","MsgExecuteContract","","","0","","0.298093","USTC"
"2022.07.02 02:15:51+04:30","C465DDD8D95A5B8A2C71E81134525A8664E90A9DD258CA38E622C052B90FD4AC","terra1kcthelkax4j9x8d3ny6sdag0qmxxynl3qtcrpy","MsgExecuteContract","","","0","","0.305786","USTC"
"2022.07.02 02:13:08+04:30","9F8D43BCC693B694B59A48FC7BC03A9259702D3A4C0DAE81EC5C27E539D7818C","terra1kcthelkax4j9x8d3ny6sdag0qmxxynl3qtcrpy","MsgExecuteContract","","","0","","0.311203","USTC"
"2022.07.02 02:12:08+04:30","6475E11B3617F354408CAAECFAC2EED5B8455A2D37F712CFF953F77E242DBDD4","terra1kcthelkax4j9x8d3ny6sdag0qmxxynl3qtcrpy","MsgExecuteContract","","","0","","0.060803","USTC"
"2022.07.02 02:10:36+04:30","0332394BA0080951F9EAA921CAA20BD827F02C06AAF9488F227B8D7D82C4E992","terra1kcthelkax4j9x8d3ny6sdag0qmxxynl3qtcrpy","MsgExecuteContract","","","0","","0.067752","USTC"
"2022.07.02 02:10:18+04:30","88FC6F1B2B75850508D2DD6DA9F2A70FEA8A112AEFF9BCDA27417544D80C8943","terra1kcthelkax4j9x8d3ny6sdag0qmxxynl3qtcrpy","MsgExecuteContract","","","0","","1.000000","Lunc"
"2022.07.02 02:09:35+04:30","7F13FB9348E9FE955A416B6BFDB626458F4734C8F3924317E550B34F7A6BE05C","terra1kcthelkax4j9x8d3ny6sdag0qmxxynl3qtcrpy","MsgExecuteContract","","","0","","0.457305","USTC"
"2022.07.02 02:07:59+04:30","F181A4B53912EE9EADEE4B7009497D3BD7595019A76DFD6B4F9E2BB2749C1C24","terra1kcthelkax4j9x8d3ny6sdag0qmxxynl3qtcrpy","MsgExecuteContract","","","0","","0.430517","USTC"
"2022.07.02 02:04:51+04:30","0252FC573803CE49DA4CDEB6EB469F279B51487B33796A23CD582B388FE55964","terra1kcthelkax4j9x8d3ny6sdag0qmxxynl3qtcrpy","MsgExecuteContract","","","0","","0.080160","USTC"
"2022.07.02 02:03:51+04:30","7EAF5059EE02703DAC83531803C0D97483E7E07963DFC95EC8A3AAFF88FC31D4","terra1kcthelkax4j9x8d3ny6sdag0qmxxynl3qtcrpy","MsgExecuteContract","","","0","","29.912866","Lunc"
"2022.07.02 02:03:02+04:30","F63595331DEF8D5CFFE85700844799CA77514F8FB65A88795075F7BF1FD2964E","terra1kcthelkax4j9x8d3ny6sdag0qmxxynl3qtcrpy","MsgExecuteContract","","","0","","0.080162","USTC"
"2022.07.02 02:02:09+04:30","53059E5ADEFC24D257AA722D063ED9D41F80C03FE1984E2CEF4049186B5FC9C3","terra1kcthelkax4j9x8d3ny6sdag0qmxxynl3qtcrpy","MsgExecuteContract","","","0","","0.192623","USTC"
"2022.07.02 02:01:56+04:30","17B504313E26A1842F0E6D6A1F9664B186A8821BB6C7EC1CECA100A10C902A3D","terra1kcthelkax4j9x8d3ny6sdag0qmxxynl3qtcrpy","MsgExecuteContract","","","0","","0.197751","USTC"
"2022.07.02 01:59:49+04:30","E1C166E4ADF6CC17DE0E9C1C6DCAB3CE1FE97B07118B643E0C99E87E9BD9B1DE","terra1kcthelkax4j9x8d3ny6sdag0qmxxynl3qtcrpy","MsgExecuteContract","","","0","","0.080161","USTC"
"2022.07.02 01:59:37+04:30","DDB2692E819302672F4A29F31F09FB8FA37CDA81F007E78CE34FB65F3425FC66","terra1kcthelkax4j9x8d3ny6sdag0qmxxynl3qtcrpy","MsgExecuteContract","","","0","","0.080158","USTC"
"2022.07.02 01:59:31+04:30","FA0FA1E5B0CA6E0CBB00331C2F8840DD48AD06B9B8E2B3143B68E98C51551ECB","terra1kcthelkax4j9x8d3ny6sdag0qmxxynl3qtcrpy","MsgExecuteContract","","","0","","5.652458","Lunc"
"2022.07.02 01:59:31+04:30","1670F6D231814EAC789E3EA0A47C714E616EF25B3675A68D0FF87746FE7D6B66","terra1kcthelkax4j9x8d3ny6sdag0qmxxynl3qtcrpy","MsgExecuteContract","","","0","","6.134618","Lunc"
"2022.07.02 01:59:25+04:30","097760BB2C850A5F69B3B83FA8F9C50F040405E05D4F68EE293CFBA2C8247ED7","terra1kcthelkax4j9x8d3ny6sdag0qmxxynl3qtcrpy","MsgExecuteContract","","","0","","0.192623","USTC"
"2022.07.02 01:59:13+04:30","DA580E06375CC1912CE7C05B95EF0FE3A877079DBA3DF44647321E4D01135C97","terra1kcthelkax4j9x8d3ny6sdag0qmxxynl3qtcrpy","MsgExecuteContract","","","0","","0.192622","USTC"
"2022.07.02 01:59:01+04:30","FB6FB43604157A6CB5FE9B8099211978A92E752B97CD683007FD4FDCBC5B20A7","terra1kcthelkax4j9x8d3ny6sdag0qmxxynl3qtcrpy","MsgExecuteContract","","","0","","0.192622","USTC"
"2022.07.02 01:58:55+04:30","451B973731E26322F57CB2E69D4E2A701C1EE035319AA817805BDACF503FDBA5","terra1kcthelkax4j9x8d3ny6sdag0qmxxynl3qtcrpy","MsgExecuteContract","","","0","","0.430536","USTC"
"2022.07.02 01:58:49+04:30","47338BC733F763CE6D214C61AB39E799A5E1D5AFACD50EFBFF5DAA54C21B8B3C","terra1kcthelkax4j9x8d3ny6sdag0qmxxynl3qtcrpy","MsgExecuteContract","","","0","","0.192625","USTC"
"2022.07.02 01:58:36+04:30","C2781304BF5F6556C78AB39380F57E8402307EE3A4FBE43DA3501BB493D34F91","terra1kcthelkax4j9x8d3ny6sdag0qmxxynl3qtcrpy","MsgExecuteContract","","","0","","0.192621","USTC"
"2022.07.02 01:58:24+04:30","B99842BCFAE4440485D224A87B4674F07A5784DB81B36DB74E903D884E9518CA","terra1kcthelkax4j9x8d3ny6sdag0qmxxynl3qtcrpy","MsgExecuteContract","","","0","","0.192622","USTC"
"2022.07.02 01:58:12+04:30","73207474DCBF5D2CDFE0C32A1877092A70F5D10ADFCC2152475D8316390BF527","terra1kcthelkax4j9x8d3ny6sdag0qmxxynl3qtcrpy","MsgExecuteContract","","","0","","0.197752","USTC"
"2022.07.02 01:56:01+04:30","A9198BE5C374E236057FB47D3F7456FE3370F36B57355490B95F9303FBEFF796","terra1kcthelkax4j9x8d3ny6sdag0qmxxynl3qtcrpy","MsgExecuteContract","","","0","","1.000000","Lunc"
"2022.07.02 01:55:00+04:30","9A5F7B4D09C17B4C400F2B111F1330E82E9C3CEA7FDA99915F9EFFCF46022FA6","terra1kcthelkax4j9x8d3ny6sdag0qmxxynl3qtcrpy","MsgExecuteContract","","","0","","0.305757","USTC"
"2022.07.02 01:54:42+04:30","26938EB7B8B95BD2CADD21C82047DACD8E92F52A727CF1007B4CC392DC6FB53F","terra1kcthelkax4j9x8d3ny6sdag0qmxxynl3qtcrpy","MsgExecuteContract","","","0","","0.156448","USTC"
"2022.07.02 01:54:05+04:30","35CCF97123CB1277E2B7AE58AC3F3742E7D2A30F73862B96E5131F7C23FD7D37","terra1kcthelkax4j9x8d3ny6sdag0qmxxynl3qtcrpy","MsgExecuteContract","","","0","","1.000000","Lunc"
"2022.07.02 01:53:41+04:30","4216F6B03F4C5AB08E32A94B07043368EA13A1DAAA5E94C525F1EFC5EB490E9B","terra1kcthelkax4j9x8d3ny6sdag0qmxxynl3qtcrpy","MsgExecuteContract","","","0","","0.080148","USTC"
"2022.07.02 01:53:23+04:30","1700842BEB1CB4AD6B88E356A6710DD7DB342693789957FCEA7F3CB6C35E44E4","terra1kcthelkax4j9x8d3ny6sdag0qmxxynl3qtcrpy","MsgExecuteContract","","","0","","0.080149","USTC"
"2022.07.02 01:52:47+04:30","7D8BD36D669214EEB67DCC9C9A1E4D05C4EE09CCAEA8637814F3F9BDAA953284","terra1kcthelkax4j9x8d3ny6sdag0qmxxynl3qtcrpy","MsgExecuteContract","","","0","","0.197741","USTC"
"2022.07.02 01:52:29+04:30","FACEB7E5EA8F375B1FD6AAEF7CE45492E893A5189857E81E6170E0117E651B5B","terra1kcthelkax4j9x8d3ny6sdag0qmxxynl3qtcrpy","MsgExecuteContract","","","0","","6.134425","Lunc"
"2022.07.02 01:52:23+04:30","86AC6FF392400EC33BDDBE1A31FC8129243E5CB292B7C1A5A4130F079E4E7490","terra1kcthelkax4j9x8d3ny6sdag0qmxxynl3qtcrpy","MsgExecuteContract","","","0","","0.197742","USTC"
"2022.07.02 01:51:11+04:30","D44E59BC34840ACEF40B901568BC565864DC667458F5D54C102F80EAF6BB2932","terra1kcthelkax4j9x8d3ny6sdag0qmxxynl3qtcrpy","MsgExecuteContract","","","0","","0.197742","USTC"
"2022.07.02 01:50:46+04:30","917AE671F4C3CD75CBB4704170E642C3426CF86B2579730AE4BC42E77BA1838D","terra1kcthelkax4j9x8d3ny6sdag0qmxxynl3qtcrpy","MsgExecuteContract","","","0","","0.192612","USTC"
"2022.07.02 01:50:46+04:30","294A577B4DE31730AFF395D8EC4EC9D6FA26BF504693B6325C09A3B370A82B8B","terra1kcthelkax4j9x8d3ny6sdag0qmxxynl3qtcrpy","MsgExecuteContract","","","0","","0.153951","USTC"
"2022.07.02 01:50:40+04:30","C5615AAA4821EE0D225D87ACC5C165EE36AB9A5D335CB4873FBE6CE891D51F65","terra1kcthelkax4j9x8d3ny6sdag0qmxxynl3qtcrpy","MsgExecuteContract","","","0","","0.192612","USTC"
"2022.07.02 01:50:28+04:30","C7422CCC3B170796172A09D0B36AE278F5CB29F349150B57DA8CBC789A6EC7E8","terra1kcthelkax4j9x8d3ny6sdag0qmxxynl3qtcrpy","MsgExecuteContract","","","0","","0.197744","USTC"
"2022.07.02 01:49:46+04:30","6C42494AFFCCA9A5148792318CAA1E37F962E9A9E7D0B38837B327233904AD11","terra1kcthelkax4j9x8d3ny6sdag0qmxxynl3qtcrpy","MsgExecuteContract","","","0","","0.197742","USTC"
"2022.07.02 01:49:10+04:30","D9428F0D07B8E49FE89F1D2DD06B2C77B1900777A716FF7159E57CB3F0704537","terra1kcthelkax4j9x8d3ny6sdag0qmxxynl3qtcrpy","MsgExecuteContract","","","0","","0.192615","USTC"
"2022.07.02 01:49:04+04:30","EBCE01A6144B4DF4CA56909741D1C628B0613F974ED2ECF0470690FB1A4DD2A3","terra1kcthelkax4j9x8d3ny6sdag0qmxxynl3qtcrpy","MsgExecuteContract","","","0","","5.652328","Lunc"
"2022.07.02 01:49:04+04:30","5F94FB885352F98C65415A8AE89CC42420753AC65B7705F8DB4104027BA56B84","terra1kcthelkax4j9x8d3ny6sdag0qmxxynl3qtcrpy","MsgExecuteContract","","","0","","0.192612","USTC"
"2022.07.02 01:48:51+04:30","9EFEA14A3E46E6FD9196A01DB1BF754A009E23B37683F866765670F83C2AD432","terra1kcthelkax4j9x8d3ny6sdag0qmxxynl3qtcrpy","MsgExecuteContract","","","0","","0.192612","USTC"
"2022.07.02 01:48:40+04:30","0A32D52FBBE2C39413AF3ED7C1017F65D0D911CB92CA6311DC478D131F864490","terra1kcthelkax4j9x8d3ny6sdag0qmxxynl3qtcrpy","MsgExecuteContract","","","0","","0.192614","USTC"
"2022.07.02 01:48:34+04:30","50EC0F8CCAED1CE9B6C57A72D4DDC6AA06E452EDBA2352029DFC2D1A2C0FB541","terra1kcthelkax4j9x8d3ny6sdag0qmxxynl3qtcrpy","MsgExecuteContract","","","0","","0.192623","USTC"
"2022.07.02 01:48:28+04:30","ACB26012CE4B26C8E07472973CB71BDCECC91B413085CDB1347E6795F8096919","terra1kcthelkax4j9x8d3ny6sdag0qmxxynl3qtcrpy","MsgExecuteContract","","","0","","0.192623","USTC"
"2022.07.02 01:48:28+04:30","FB87C005B42ED16961B3702391A6FB30A2B75D81B542DFC29BC34119A229C22D","terra1kcthelkax4j9x8d3ny6sdag0qmxxynl3qtcrpy","MsgExecuteContract","","","0","","0.063909","USTC"
"2022.07.02 01:48:22+04:30","89CE3EF79B840CF6E320DC7182DE1C9DECE6B87A72EA98E8B7CFE17C1225E8F7","terra1kcthelkax4j9x8d3ny6sdag0qmxxynl3qtcrpy","MsgExecuteContract","","","0","","0.192622","USTC"
"2022.07.02 01:48:16+04:30","E82932D48CE63FF88419F692221FB1080C9998147E06AF67E3BA52BF0402082D","terra1kcthelkax4j9x8d3ny6sdag0qmxxynl3qtcrpy","MsgExecuteContract","","","0","","0.192624","USTC"
"2022.07.02 01:48:10+04:30","148F48784BA55A32193D21F52C888525B098B5BE17CBF2A320D2E1A19C0BC7C0","terra1kcthelkax4j9x8d3ny6sdag0qmxxynl3qtcrpy","MsgExecuteContract","","","0","","1.000000","Lunc"
"2022.07.02 01:47:58+04:30","43BDFB8E09FBEB1B7F70B4E09DD4D5A1BB870B570B0FBC68E3C6CAC68F168A84","terra1kcthelkax4j9x8d3ny6sdag0qmxxynl3qtcrpy","MsgExecuteContract","","","0","","0.192625","USTC"
"2022.07.02 01:47:46+04:30","50699584156B78BF4BA0D852ED7207D473AB0158E0DD189D46309DD48E292A08","terra1kcthelkax4j9x8d3ny6sdag0qmxxynl3qtcrpy","MsgExecuteContract","","","0","","0.192624","USTC"
"2022.07.02 01:47:40+04:30","F5415CBBEEA4C0722DF7FAA6A1B589C85C32064C5F0E6D9CB50B2E17E33768C5","terra1kcthelkax4j9x8d3ny6sdag0qmxxynl3qtcrpy","MsgExecuteContract","","","0","","0.192623","USTC"
"2022.07.02 01:47:28+04:30","7F6917D4E59C447BAFB7F1B34186FE1A8D74A4D2004E5C7D17F74B42CCE7643F","terra1kcthelkax4j9x8d3ny6sdag0qmxxynl3qtcrpy","MsgExecuteContract","","","0","","0.192622","USTC"
"2022.07.02 01:47:28+04:30","FD8E444027EBA713CE2FEE61686F4E40110EDCAB2A23128B988AB18F6B57C0E6","terra1kcthelkax4j9x8d3ny6sdag0qmxxynl3qtcrpy","MsgExecuteContract","","","0","","0.063905","USTC"
"2022.07.02 01:47:22+04:30","85740AB56D086550308579812B123FF48B9EDDFB556F5A6A897FB04C7629C911","terra1kcthelkax4j9x8d3ny6sdag0qmxxynl3qtcrpy","MsgExecuteContract","","","0","","0.192625","USTC"
"2022.07.02 01:47:10+04:30","35203957F3804A17BD0B5E9842D76F7AE121144D01B9846A7FB97014D976DF9D","terra1kcthelkax4j9x8d3ny6sdag0qmxxynl3qtcrpy","MsgExecuteContract","","","0","","0.192626","USTC"
"2022.07.02 01:47:04+04:30","46D5A141D33C1E91F0FEEFDC170FEEC5FFCFD6A5B607ADC3E60662656AD5DB66","terra1kcthelkax4j9x8d3ny6sdag0qmxxynl3qtcrpy","MsgExecuteContract","","","0","","1.000000","Lunc"
"2022.07.02 01:46:57+04:30","847590CB0962F09677C234A7F8AF93E5E23DB79514B9895B7DEEACDB549FBE2B","terra1kcthelkax4j9x8d3ny6sdag0qmxxynl3qtcrpy","MsgExecuteContract","","","0","","0.192626","USTC"
"2022.07.02 01:46:45+04:30","49279C99BF7CD388B7602F16A0CCF25A35E2BA11E2A03475B8D6F49957FF7F76","terra1kcthelkax4j9x8d3ny6sdag0qmxxynl3qtcrpy","MsgExecuteContract","","","0","","0.192624","USTC"
"2022.07.02 01:46:33+04:30","0300EBA34C6A2B0B167350B30B793AA29D1F5E14AB58CFFE31EC359A25F9D7B6","terra1kcthelkax4j9x8d3ny6sdag0qmxxynl3qtcrpy","MsgExecuteContract","","","0","","0.192624","USTC"
"2022.07.02 01:46:27+04:30","0CE5762471F500990CB3B22018A929E0E06DFB22BDA71730FD8D3A59D378D925","terra1kcthelkax4j9x8d3ny6sdag0qmxxynl3qtcrpy","MsgExecuteContract","","","0","","0.192622","USTC"
"2022.07.02 01:46:14+04:30","36E3A23BE40757E0BDC6E2C8666BD640DB73772964CFD70CC1895AA3E9DD2294","terra1kcthelkax4j9x8d3ny6sdag0qmxxynl3qtcrpy","MsgExecuteContract","","","0","","0.192622","USTC"
"2022.07.02 01:46:09+04:30","7381B33AFEA55C0FBD11895F694D2C676D8247D06005CB1FB5F29A8B33B609CE","terra1kcthelkax4j9x8d3ny6sdag0qmxxynl3qtcrpy","MsgExecuteContract","","","0","","0.192626","USTC"
"2022.07.02 01:46:03+04:30","95BE9719E9B8830B4143947F3A11CE3AD9F8B3455B889E81E96331C7A0B9EF7C","terra1kcthelkax4j9x8d3ny6sdag0qmxxynl3qtcrpy","MsgExecuteContract","","","0","","0.192624","USTC"
"2022.07.02 01:45:50+04:30","84BC8EA531A173C251F6499E314FE988D7D1956666EAD328152AD4DE13317A8E","terra1kcthelkax4j9x8d3ny6sdag0qmxxynl3qtcrpy","MsgExecuteContract","","","0","","0.192625","USTC"
"2022.07.02 01:45:39+04:30","B090026C5E99DBEBCF3C3A587559AAE362A3270791A77C1BE884C8EDAA24098C","terra1kcthelkax4j9x8d3ny6sdag0qmxxynl3qtcrpy","MsgExecuteContract","","","0","","0.197753","USTC"
"2022.07.02 01:44:43+04:30","8BBDF0B50DF97CAE1536412D4380A464444B47F698C57F325E625342D9F32732","terra1kcthelkax4j9x8d3ny6sdag0qmxxynl3qtcrpy","MsgExecuteContract","","","0","","0.067755","USTC"
"2022.07.02 01:44:25+04:30","4D7F576B53867C8AA82448AD2914C9FC969AC2BB3983B4B37E8861E1724FD201","terra1kcthelkax4j9x8d3ny6sdag0qmxxynl3qtcrpy","MsgExecuteContract","","","0","","1.000000","Lunc"
"2022.07.02 01:44:25+04:30","13124BDED2980644E8BDA5AE3450AD28FF4A6796AAAC62C7BA305846F91277DF","terra1kcthelkax4j9x8d3ny6sdag0qmxxynl3qtcrpy","MsgExecuteContract","","","0","","1.000000","Lunc"
"2022.07.02 01:42:42+04:30","4E90E5ABB6D90A89568983C07D838378B08D3BB1556AAD11B5A82B4D9E5E6B3A","terra1kcthelkax4j9x8d3ny6sdag0qmxxynl3qtcrpy","MsgExecuteContract","","","0","","0.180000","USTC"
"2022.07.02 01:42:42+04:30","BC9A774010C70C211920CF61178A9FFF2F4CAFABEF1D44008B063538E14DC884","terra1kcthelkax4j9x8d3ny6sdag0qmxxynl3qtcrpy","MsgExecuteContract","","","0","","0.080140","USTC"
"2022.07.02 01:42:36+04:30","12B45AFB9F992F95F4F620538541334979B633DC26A12EC0DAD39E9622F76EF1","terra1kcthelkax4j9x8d3ny6sdag0qmxxynl3qtcrpy","MsgExecuteContract","","","0","","0.080143","USTC"
"2022.07.02 01:42:36+04:30","67404A2D64136AB2FEE9DA03DF24B4A3438F87F8DC7B56956108B65017223F64","terra1kcthelkax4j9x8d3ny6sdag0qmxxynl3qtcrpy","MsgExecuteContract","","","0","","0.191608","USTC"
"2022.07.02 01:42:36+04:30","23978ED1A88ECC624A49B042708A8D20259CB1196C12BEAAC493AF1EEF039BCB","terra1kcthelkax4j9x8d3ny6sdag0qmxxynl3qtcrpy","MsgExecuteContract","","","0","","8.000000","Lunc"
"2022.07.02 01:42:30+04:30","BFFF6D51E41E0D007B7E686363FDE57FC9CC042C2515A6E9EA4C39F9BE25DC98","terra1kcthelkax4j9x8d3ny6sdag0qmxxynl3qtcrpy","MsgExecuteContract","","","0","","0.080151","USTC"
"2022.07.02 01:42:18+04:30","D41EBAA340C4E39DCA7E41FDF7A7FDBC47C81ADCD0B6998B4BCEB76D06A25006","terra1kcthelkax4j9x8d3ny6sdag0qmxxynl3qtcrpy","MsgExecuteContract","","","0","","0.142191","USTC"
"2022.07.02 01:42:18+04:30","843CD288115CFC796EB1D935B6CFD8F8FA2D8D4E5CFBE9A5023D26745D7220A2","terra1kcthelkax4j9x8d3ny6sdag0qmxxynl3qtcrpy","MsgExecuteContract","","","0","","0.080151","USTC"
"2022.07.02 01:42:06+04:30","E776204E59A65CB2E6710486421A1D58C8734477B34D40189EAA4F798639014B","terra1kcthelkax4j9x8d3ny6sdag0qmxxynl3qtcrpy","MsgExecuteContract","","","0","","4.737521","Lunc"
"2022.07.02 01:42:00+04:30","12AABDE96550841594C4C3A35CB80C702096476A21E856AB097381E8C2B4D872","terra1kcthelkax4j9x8d3ny6sdag0qmxxynl3qtcrpy","MsgExecuteContract","","","0","","0.080149","USTC"
"2022.07.02 01:41:48+04:30","5F0D938824D57397E74C273B8E8B1B2C3DDD3D7CAEDFC9172D912FB1DE3AAC7C","terra1kcthelkax4j9x8d3ny6sdag0qmxxynl3qtcrpy","MsgExecuteContract","","","0","","0.080150","USTC"
"2022.07.02 01:41:36+04:30","B8DA0957BFD94C902F038044BCE3BCACB7D32AD65E0DE08431D1D7425B5BA9AE","terra1kcthelkax4j9x8d3ny6sdag0qmxxynl3qtcrpy","MsgExecuteContract","","","0","","0.080151","USTC"
"2022.07.02 01:41:24+04:30","B214030D1343217BAEA1655A31F732A493990391E6110CA70818B6ABA7508A18","terra1kcthelkax4j9x8d3ny6sdag0qmxxynl3qtcrpy","MsgExecuteContract","","","0","","0.080153","USTC"
"2022.07.02 01:41:12+04:30","8076FDEF04EA736021E6582FDEC0DB864C55982F35E7857AF24A9878EAB706C2","terra1kcthelkax4j9x8d3ny6sdag0qmxxynl3qtcrpy","MsgExecuteContract","","","0","","0.080147","USTC"
"2022.07.02 01:41:00+04:30","A5089A2A49AB876E6A5E2840C24D464095881E3B05FB8864EA98AFFB81E37807","terra1kcthelkax4j9x8d3ny6sdag0qmxxynl3qtcrpy","MsgExecuteContract","","","0","","0.080154","USTC"
"2022.07.02 01:40:47+04:30","DEA6F27D756A15D3A8F510A5EBE1480424C7D61D750DD70E15DA014487163A21","terra1kcthelkax4j9x8d3ny6sdag0qmxxynl3qtcrpy","MsgExecuteContract","","","0","","0.080151","USTC"
"2022.07.02 01:40:35+04:30","BD4992C5F13E450EAB3319D73C8929504259B2E2D920508E05E9563A95B360C7","terra1kcthelkax4j9x8d3ny6sdag0qmxxynl3qtcrpy","MsgExecuteContract","","","0","","0.080151","USTC"
"2022.07.02 01:40:18+04:30","0BC1F89316245E98DF10F33C5F4D37933F526C6B66639C1D1B6A66E9CD7A17B0","terra1kcthelkax4j9x8d3ny6sdag0qmxxynl3qtcrpy","MsgExecuteContract","","","0","","0.520541","USTC"
"2022.07.02 01:40:18+04:30","5544A8D7A612775D56786989598B8E2B2E21DA8A2D4859CC9F69CD4060C18A07","terra1kcthelkax4j9x8d3ny6sdag0qmxxynl3qtcrpy","MsgExecuteContract","","","0","","0.197742","USTC"
"2022.07.02 01:39:54+04:30","CECE5468058DE69CA16955C488DEE754497C2AE4785ECBCEF656B249FECD1A63","terra1kcthelkax4j9x8d3ny6sdag0qmxxynl3qtcrpy","MsgExecuteContract","","","0","","6.134340","Lunc"
"2022.07.02 01:39:48+04:30","6FA5E856DF0EA5AA0F4FD28CBF0B08404B181D071CE4AAD839B6ADA2A45CAAE2","terra1kcthelkax4j9x8d3ny6sdag0qmxxynl3qtcrpy","MsgExecuteContract","","","0","","0.192614","USTC"
"2022.07.02 01:39:42+04:30","3D409A5FA85731E7D7FD49FD79BEE706D77C0661683D4078602F720091317DBB","terra1kcthelkax4j9x8d3ny6sdag0qmxxynl3qtcrpy","MsgExecuteContract","","","0","","0.192611","USTC"
"2022.07.02 01:39:30+04:30","26E7292EAAD88A010D879075303782F6F3AB1B4101D55E8A71969415500F86AA","terra1kcthelkax4j9x8d3ny6sdag0qmxxynl3qtcrpy","MsgExecuteContract","","","0","","0.192611","USTC"
"2022.07.02 01:39:30+04:30","2EC14E49C1A10689241A3A2245A94842C5ABBF000299E61FD3EB8AAA935B5AA9","terra1kcthelkax4j9x8d3ny6sdag0qmxxynl3qtcrpy","MsgExecuteContract","","","0","","5.926576","Lunc"
"2022.07.02 01:39:24+04:30","D138946AF939630C3E36326132CFD06405CA55E500B9BC1BA835B1E15F34736A","terra1kcthelkax4j9x8d3ny6sdag0qmxxynl3qtcrpy","MsgExecuteContract","","","0","","0.192613","USTC"
"2022.07.02 01:39:18+04:30","700EE70F970BD002A327A41209519B0CEA523788EB4CB43371900E19ACC0C9CD","terra1kcthelkax4j9x8d3ny6sdag0qmxxynl3qtcrpy","MsgExecuteContract","","","0","","0.192615","USTC"
"2022.07.02 01:39:12+04:30","EC46C040413BC48C3B60B1BEBB330EC62A469B71FD4B5621B4E2BFF53E6F401F","terra1kcthelkax4j9x8d3ny6sdag0qmxxynl3qtcrpy","MsgExecuteContract","","","0","","0.192616","USTC"
"2022.07.02 01:39:12+04:30","8FCFD19A80CA5370DCF61EADFEDA478F443D18273C4C9DC852B271D1EF137A14","terra1kcthelkax4j9x8d3ny6sdag0qmxxynl3qtcrpy","MsgExecuteContract","","","0","","0.098737","USTC"
"2022.07.02 01:39:06+04:30","DE3C69A6B8C27632E48ED8482DFCE6C7253929CA74493A001A5AD0F2C1DFF9A5","terra1kcthelkax4j9x8d3ny6sdag0qmxxynl3qtcrpy","MsgExecuteContract","","","0","","0.192621","USTC"
"2022.07.02 01:38:54+04:30","58FC6F783F518559D18E34957B5DF0A62CB135CDA5C00F1542EEFFC691E24D2B","terra1kcthelkax4j9x8d3ny6sdag0qmxxynl3qtcrpy","MsgExecuteContract","","","0","","0.192623","USTC"
"2022.07.02 01:38:42+04:30","39CE63C51A1B4F17624ECB15F22366899E2AC164289E74CF9AFCB3993BEDB423","terra1kcthelkax4j9x8d3ny6sdag0qmxxynl3qtcrpy","MsgExecuteContract","","","0","","0.192622","USTC"
"2022.07.02 01:38:36+04:30","292DB6B7473FDA30D73779F261E7B094B6D685945A925144BB7FE66B75AB9924","terra1kcthelkax4j9x8d3ny6sdag0qmxxynl3qtcrpy","MsgExecuteContract","","","0","","0.098734","USTC"
"2022.07.02 01:38:30+04:30","9AB3B0578882F3553F22295A3B31DB4FED11BC562267FB92D22465728F545982","terra1kcthelkax4j9x8d3ny6sdag0qmxxynl3qtcrpy","MsgExecuteContract","","","0","","0.192624","USTC"
"2022.07.02 01:38:23+04:30","A95888FE5537C857D008EC8288DEFABF153E1088CF0C73D8DA555AEE5C77F6F9","terra1kcthelkax4j9x8d3ny6sdag0qmxxynl3qtcrpy","MsgExecuteContract","","","0","","0.192624","USTC"
"2022.07.02 01:38:17+04:30","F7796852BF41D5C3807001BF6AD50CF5BCD631A798425DE97D7D42DC8A3ED14E","terra1kcthelkax4j9x8d3ny6sdag0qmxxynl3qtcrpy","MsgExecuteContract","","","0","","0.192622","USTC"
"2022.07.02 01:38:11+04:30","87F593E299233BC468923BFAE279F6E508AB969DA09BCD511EAC436E0AC068EF","terra1kcthelkax4j9x8d3ny6sdag0qmxxynl3qtcrpy","MsgExecuteContract","","","0","","0.063904","USTC"
"2022.07.02 01:38:05+04:30","C5BA2B2B2AD2CC5A59886A637C0622401E3ED2A20AEE092509FEC125C81E61DF","terra1kcthelkax4j9x8d3ny6sdag0qmxxynl3qtcrpy","MsgExecuteContract","","","0","","0.192622","USTC"
"2022.07.02 01:37:59+04:30","B03288019EAEAF8AC711965D1D901C6F26E793DA10F5E5E4DA232D3F638B494B","terra1kcthelkax4j9x8d3ny6sdag0qmxxynl3qtcrpy","MsgExecuteContract","","","0","","1.000000","Lunc"
"2022.07.02 01:37:53+04:30","8BF82BE96901580ADD4BC90E1AFBB7123919EDEDDC60DE8C774ACAD56DC40CAB","terra1kcthelkax4j9x8d3ny6sdag0qmxxynl3qtcrpy","MsgExecuteContract","","","0","","0.192620","USTC"
"2022.07.02 01:37:41+04:30","1686B72F9B2CF0B9D1C32377FEE5127C3748ED0F314BE6EB63C5EACF912BB3FA","terra1kcthelkax4j9x8d3ny6sdag0qmxxynl3qtcrpy","MsgExecuteContract","","","0","","0.192624","USTC"
"2022.07.02 01:37:29+04:30","8C23BE7D814AFB25950CEBD5B496FCB824DB6D742D822A1A545F3B60738220F0","terra1kcthelkax4j9x8d3ny6sdag0qmxxynl3qtcrpy","MsgExecuteContract","","","0","","0.192624","USTC"
"2022.07.02 01:37:17+04:30","89054D0C81750905BC0677BE49BE6B4300400B2B655C22168F52B7C694E02CA2","terra1kcthelkax4j9x8d3ny6sdag0qmxxynl3qtcrpy","MsgExecuteContract","","","0","","0.192625","USTC"
"2022.07.02 01:37:05+04:30","59AF9339B33B59D9D5F9D618C3F20225F0A6254EF76B6F587EDF495FA067337D","terra1kcthelkax4j9x8d3ny6sdag0qmxxynl3qtcrpy","MsgExecuteContract","","","0","","0.197752","USTC"
"2022.07.02 01:31:27+04:30","2F02663DA337028212C319997440B7AEA40FA9DACC3ADA520539202D28F5774A","terra1kcthelkax4j9x8d3ny6sdag0qmxxynl3qtcrpy","MsgExecuteContract","","","0","","0.192622","USTC"
"2022.07.02 01:31:15+04:30","4E1D1F21D09A92A31C7599DC64D2DE478A82437C7DEDAAC7A0898B1A451B3530","terra1kcthelkax4j9x8d3ny6sdag0qmxxynl3qtcrpy","MsgExecuteContract","","","0","","0.197748","USTC"
"2022.07.02 01:30:37+04:30","7E4D33F970101A8F7C595C8B4A8825219DCD3518C6F396297BA1A089F8248241","terra1kcthelkax4j9x8d3ny6sdag0qmxxynl3qtcrpy","MsgExecuteContract","","","0","","0.213704","USTC"
"2022.07.02 01:29:37+04:30","9863D7C6C31604C0557DE20A2E9597FBFEAB279A5477F8B6320DF730DD147CD3","terra1kcthelkax4j9x8d3ny6sdag0qmxxynl3qtcrpy","MsgExecuteContract","","","0","","0.197751","USTC"
"2022.07.02 01:27:18+04:30","2BCF8B8B2AB489547F05F7859EB9386A6E23009D78F462319E961A36B4A0B358","terra1kcthelkax4j9x8d3ny6sdag0qmxxynl3qtcrpy","MsgExecuteContract","","","0","","0.197749","USTC"
"2022.07.02 01:21:59+04:30","00CD992E065DCB18A707AC48920AAC3804EC5DAB53D80120A3E11B55CDF4ED99","terra1kcthelkax4j9x8d3ny6sdag0qmxxynl3qtcrpy","MsgExecuteContract","","","0","","0.080160","USTC"
"2022.07.02 01:17:08+04:30","FE45ED04C74E7644409AC7EA250D9A4C35D950481E8D56F515914C1E840D88D7","terra1kcthelkax4j9x8d3ny6sdag0qmxxynl3qtcrpy","MsgExecuteContract","","","0","","0.085049","USTC"
"2022.07.02 01:16:31+04:30","F5E5753BBAD944C54A991432062E717C2DC1234D3312ACE54A6AC43A426AA111","terra1kcthelkax4j9x8d3ny6sdag0qmxxynl3qtcrpy","MsgExecuteContract","","","0","","0.106815","USTC"
"2022.07.02 01:03:53+04:30","865AB47F357DF7BADBEF048D0A1894505B5B252F3B2D0C53C87C4916FAB04411","terra1kcthelkax4j9x8d3ny6sdag0qmxxynl3qtcrpy","MsgExecuteContract","","","0","","29.913251","Lunc"
"2022.07.02 00:58:09+04:30","E0879443F6622EFC783BE9DE066BE42589362F0C6266ABB1E2CACCDB936F17C9","terra1kcthelkax4j9x8d3ny6sdag0qmxxynl3qtcrpy","MsgExecuteContract","","","0","","0.305787","USTC"
"2022.07.02 00:56:45+04:30","C1D9383A45A2AB9F31DBE6278F4F85F2F1E9E846B7DD9E3EAC161C71B606805F","terra1kcthelkax4j9x8d3ny6sdag0qmxxynl3qtcrpy","MsgExecuteContract","","","0","","0.457375","USTC"
"2022.07.02 00:54:57+04:30","606A951D2D9E2889E2BA999CCECBCCA9DFF8588E7E7F5CEB005CD97251795CD5","terra1kcthelkax4j9x8d3ny6sdag0qmxxynl3qtcrpy","MsgExecuteContract","","","0","","0.080161","USTC"
"2022.07.02 00:54:45+04:30","5AE479D9DE8E5EB4698A1234E7EE1BA5924802606DE3D0834DE66C16297FF0B8","terra1kcthelkax4j9x8d3ny6sdag0qmxxynl3qtcrpy","MsgExecuteContract","","","0","","0.192622","USTC"
"2022.07.02 00:54:33+04:30","5E2FA949308D8692E9C35A730AEA69D36EF62418AF15A54CAA9E335F36C72FE8","terra1kcthelkax4j9x8d3ny6sdag0qmxxynl3qtcrpy","MsgExecuteContract","","","0","","0.197752","USTC"
"2022.07.02 00:49:25+04:30","8EECAA0F873E884B72B9355A9423C67B4E3BAA36A00360F2121DB212BFF40088","terra1kcthelkax4j9x8d3ny6sdag0qmxxynl3qtcrpy","MsgExecuteContract","","","0","","0.022325","USTC"
"2022.07.02 00:49:19+04:30","86028E9630C2D2BD08ECA8A8A5904A7A7AB43F40E34CD451C6801E344EE5B015","terra1kcthelkax4j9x8d3ny6sdag0qmxxynl3qtcrpy","MsgExecuteContract","","","0","","0.156468","USTC"
"2022.07.02 00:49:13+04:30","D932F2584071508931750A7C98434C867C4D3D49F0851339443D32D37856EACC","terra1kcthelkax4j9x8d3ny6sdag0qmxxynl3qtcrpy","MsgExecuteContract","","","0","","0.156474","USTC"
"2022.07.02 00:49:13+04:30","55A7927D87BDD42CAF638010D3BD1349DB0D50F3A4B3181EE7926F2780A82A47","terra1kcthelkax4j9x8d3ny6sdag0qmxxynl3qtcrpy","MsgExecuteContract","","","0","","0.075282","USTC"
"2022.07.02 00:48:49+04:30","F15FE354BAF751D2D6B1F98846C5EB8208D82F4B3037A85C7DA245DCCE7C1730","terra1kcthelkax4j9x8d3ny6sdag0qmxxynl3qtcrpy","MsgExecuteContract","","","0","","0.022324","USTC"
"2022.07.02 00:48:43+04:30","1537747942D6C5C39DA518633D8E3AEBACF6F78E4A260C359C239F6CC9B1EBCD","terra1kcthelkax4j9x8d3ny6sdag0qmxxynl3qtcrpy","MsgExecuteContract","","","0","","0.156476","USTC"
"2022.07.02 00:48:37+04:30","00A02BA4307582175ED576BB6DF3F7323CE2D8780992676ABB9E575087307806","terra1kcthelkax4j9x8d3ny6sdag0qmxxynl3qtcrpy","MsgExecuteContract","","","0","","0.075282","USTC"
"2022.07.02 00:48:37+04:30","F58EBB43183D5779C3F16BD39426F7EAB70576123254DBE1EF2B0B696E5BFCE5","terra1kcthelkax4j9x8d3ny6sdag0qmxxynl3qtcrpy","MsgExecuteContract","","","0","","0.156471","USTC"
"2022.07.02 00:43:48+04:30","770BF5483BAB28A7519E009B02896A58DB2858F97A81C4A47B46F70CC91B2D82","terra1kcthelkax4j9x8d3ny6sdag0qmxxynl3qtcrpy","MsgExecuteContract","","","0","","0.174170","USTC"
"2022.07.02 00:43:12+04:30","A7070AC7234B8AA1C5271D4FF8FF311DD6E1D4E16109EF1B35A5F1989A3D3EE2","terra1kcthelkax4j9x8d3ny6sdag0qmxxynl3qtcrpy","MsgExecuteContract","","","0","","0.512889","USTC"
"2022.07.02 00:42:18+04:30","C2529465BC810494AA88F4D2B6B4926CCE7C041CB06AAD53D45F442D1223C95E","terra1kcthelkax4j9x8d3ny6sdag0qmxxynl3qtcrpy","MsgExecuteContract","","","0","","0.393300","USTC"
"2022.07.02 00:37:57+04:30","2D0E3B3513B0F27DF529767C395409694DC0480ACAF129C0DD8FC150EB47724C","terra1kcthelkax4j9x8d3ny6sdag0qmxxynl3qtcrpy","MsgExecuteContract","","","0","","0.305789","USTC"
"2022.07.02 00:35:34+04:30","50DB9D1FDB273C3815F40D0689E14A4F441D812F8C0932413214A69BA1626A98","terra1kcthelkax4j9x8d3ny6sdag0qmxxynl3qtcrpy","MsgExecuteContract","","","0","","0.298089","USTC"
"2022.07.02 00:35:22+04:30","BA202D09913058E37608773386E87E3F72C00EB0BC5C5CE36F582591C13A4986","terra1kcthelkax4j9x8d3ny6sdag0qmxxynl3qtcrpy","MsgExecuteContract","","","0","","0.305784","USTC"
"2022.07.02 00:30:14+04:30","E236EC6628D60BFB7E0EB3EAEB4D71A54B6FBEE19F6FFFDF44DC19E2C276ED5A","terra1kcthelkax4j9x8d3ny6sdag0qmxxynl3qtcrpy","MsgExecuteContract","","","0","","0.192614","USTC"
"2022.07.02 00:30:08+04:30","93EC9FFDDA11FF021666A8299BF468C0D2534333BEE9475449C09B00ED3A2A69","terra1kcthelkax4j9x8d3ny6sdag0qmxxynl3qtcrpy","MsgExecuteContract","","","0","","0.192614","USTC"
"2022.07.02 00:29:56+04:30","E7A620080012EADCBD6A511EDAA64C7626DDFB6FC8EA788A6220C99B706B1968","terra1kcthelkax4j9x8d3ny6sdag0qmxxynl3qtcrpy","MsgExecuteContract","","","0","","0.192613","USTC"
"2022.07.02 00:29:45+04:30","54996E1CEDC2059407CB93B83474AA497AB926CAEA5709D1E67CC081C696F43D","terra1kcthelkax4j9x8d3ny6sdag0qmxxynl3qtcrpy","MsgExecuteContract","","","0","","0.192615","USTC"
"2022.07.02 00:29:33+04:30","DEC8F6B7E7ABB26F6E9F1CA14C3CCAF0D4E22FE26EC097423F8B51EFC2F8F820","terra1kcthelkax4j9x8d3ny6sdag0qmxxynl3qtcrpy","MsgExecuteContract","","","0","","0.192612","USTC"
"2022.07.02 00:29:21+04:30","7029452C653B1CBB1097F4C37DF8B235D4FB2DE1CF5399BC7C46EF9BCFA9ABAA","terra1kcthelkax4j9x8d3ny6sdag0qmxxynl3qtcrpy","MsgExecuteContract","","","0","","0.192612","USTC"
"2022.07.02 00:29:09+04:30","281F613D8334FE4223425EB49D66A08FEA2906C153B75BF55E1221E088F57C7E","terra1kcthelkax4j9x8d3ny6sdag0qmxxynl3qtcrpy","MsgExecuteContract","","","0","","0.192609","USTC"
"2022.07.02 00:28:57+04:30","0158408194FB72A9C01F258220B7474948CA2F1CDBEA3831722100A02570E0EE","terra1kcthelkax4j9x8d3ny6sdag0qmxxynl3qtcrpy","MsgExecuteContract","","","0","","0.197745","USTC"
"2022.07.02 00:26:25+04:30","944A32BE65D752F39D216A75B4AE999F3F2AE791F3CE596573F581E953989741","terra1kcthelkax4j9x8d3ny6sdag0qmxxynl3qtcrpy","MsgExecuteContract","","","0","","0.197744","USTC"
"2022.07.02 00:12:18+04:30","62FD6B02FA84B6A17466F941CA373AEAE11E651ED39DDDB834C05FEA2EE554A7","terra1kcthelkax4j9x8d3ny6sdag0qmxxynl3qtcrpy","MsgExecuteContract","","","0","","0.085117","USTC"
"2022.07.02 00:11:17+04:30","4E9841827E6C045D4CA6C296E26F6E385D033A048E6BC7A1F326033830423B70","terra1kcthelkax4j9x8d3ny6sdag0qmxxynl3qtcrpy","MsgExecuteContract","","","0","","0.311381","USTC"
"2022.07.02 00:10:46+04:30","2116B0BFBD617F7508F007C49A635887357560EFF23E9969EF79E6AEF90CDB8F","terra1kcthelkax4j9x8d3ny6sdag0qmxxynl3qtcrpy","MsgExecuteContract","","","0","","0.178019","USTC"
"2022.07.02 00:08:17+04:30","BF7E63084FBFE2D46C295D3F88CB146E642A2323F0A47D61B1D65952D3FA3E00","terra1kcthelkax4j9x8d3ny6sdag0qmxxynl3qtcrpy","MsgExecuteContract","","","0","","0.268162","USTC"
"2022.07.02 00:07:53+04:30","9D72ECFA1A062082212B227D47B9EACF30DE927E3AC34AD450A77807894D262D","terra1kcthelkax4j9x8d3ny6sdag0qmxxynl3qtcrpy","MsgExecuteContract","","","0","","0.060836","USTC"
"2022.07.02 00:04:23+04:30","9B82C34CF615496E90FE125ED04C95B80855D4367E6EC7E74E7E715C684B729E","terra1kcthelkax4j9x8d3ny6sdag0qmxxynl3qtcrpy","MsgExecuteContract","","","0","","29.912753","Lunc"
"2022.07.01 23:30:42+04:30","CF1095FEA45D6497A4414A593A9908AD62C0D32AC44BAFD0D7CEA2772EF13B0C","terra1kcthelkax4j9x8d3ny6sdag0qmxxynl3qtcrpy","MsgExecuteContract","","","0","","0.197741","USTC"
"2022.07.01 23:15:29+04:30","A9054D7D90B1903F9FAE1743F7044339DC091D840A1F43A3D024BDCED5D7BF1C","terra1kcthelkax4j9x8d3ny6sdag0qmxxynl3qtcrpy","MsgExecuteContract","","","0","","0.215125","USTC"
"2022.07.01 23:14:46+04:30","340E97E30CC58DCAE499694860D1A5A0BB105FD49F2AB4F0EB42D910BA81B566","terra1kcthelkax4j9x8d3ny6sdag0qmxxynl3qtcrpy","MsgExecuteContract","","","0","","0.071789","USTC"
"2022.07.01 23:12:16+04:30","DC069116A215BB57F66D41C34A232FA521DD83AEEF511FA8016C664AFF5D8ADA","terra1kcthelkax4j9x8d3ny6sdag0qmxxynl3qtcrpy","MsgExecuteContract","","","0","","0.085081","USTC"
"2022.07.01 23:11:21+04:30","5981B7B6BB9BBB31149BAE1E9CBC80D7D2604D4B34B2C3FB50DDC516E82D3D4B","terra1kcthelkax4j9x8d3ny6sdag0qmxxynl3qtcrpy","MsgExecuteContract","","","0","","0.514015","USTC"
"2022.07.01 23:05:44+04:30","7687AC25BEBE3B22E74C5B8C29B3A31EB8808D9340E26B7ADBED635746FC4C97","terra1kcthelkax4j9x8d3ny6sdag0qmxxynl3qtcrpy","MsgExecuteContract","","","0","","0.071804","USTC"
"2022.07.01 23:05:20+04:30","8A9D07DACCFE66942673238C4C257AC04C5498D23E911E8B93FA4E5FC706BE74","terra1kcthelkax4j9x8d3ny6sdag0qmxxynl3qtcrpy","MsgExecuteContract","","","0","","0.248623","USTC"
"2022.07.01 23:03:33+04:30","95A8128AB5A381B9F2661080BF1BFD8583C11DDB6CC82710DB19FDC26BE6B692","terra1kcthelkax4j9x8d3ny6sdag0qmxxynl3qtcrpy","MsgExecuteContract","","","0","","33.701913","Lunc"
"2022.07.01 23:00:50+04:30","5E2BF3FD169C0CC830E7523E532C184675D079FFE2F1EE3633C46E1B33FE7AC6","terra1kcthelkax4j9x8d3ny6sdag0qmxxynl3qtcrpy","MsgExecuteContract","","","0","","0.565845","USTC"
"2022.07.01 22:56:18+04:30","06C9E9C6148C9074E6F4F2D72CE9FDDA8447748CABA995CA08B74AF1BEE82CD0","terra1kcthelkax4j9x8d3ny6sdag0qmxxynl3qtcrpy","MsgExecuteContract","","","0","","0.054850","USTC"
"2022.07.01 22:54:29+04:30","861073D365979FE9CAC908EDEE8599AD86D0CE71D317E484A70FEEEFC034DE6B","terra1kcthelkax4j9x8d3ny6sdag0qmxxynl3qtcrpy","MsgExecuteContract","","","0","","0.686365","USTC"
"2022.07.01 22:41:48+04:30","1B8DA621C81302DBD1DC4533F377E2FB6F0B3E95FA5C2B489E6D0549AD50C103","terra1kcthelkax4j9x8d3ny6sdag0qmxxynl3qtcrpy","MsgExecuteContract","","","0","","1.133871","USTC"
"2022.07.01 22:41:05+04:30","83AA811B68499CA0DC941991D70F77A9981A00AC43DB9F7D2DEE2445B7002A5E","terra1kcthelkax4j9x8d3ny6sdag0qmxxynl3qtcrpy","MsgExecuteContract","","","0","","0.054847","USTC"
"2022.07.01 22:28:38+04:30","0164554FEF7E5D78F132FEAECAF50786634B599A8A4A90F7B018AC15C2AC1997","terra1kcthelkax4j9x8d3ny6sdag0qmxxynl3qtcrpy","MsgExecuteContract","","","0","","0.174110","USTC"
"2022.07.01 22:27:44+04:30","20D0ACD708AFC0A68378490DED24FDC03678B9936971D07AA76885CAC6802442","terra1kcthelkax4j9x8d3ny6sdag0qmxxynl3qtcrpy","MsgExecuteContract","","","0","","1.065630","USTC"
"2022.07.01 22:07:08+04:30","C85E1D8445B339C2989DF9CA8B521B14785517F140FAAB6CE77A7C37A846F67C","terra1kcthelkax4j9x8d3ny6sdag0qmxxynl3qtcrpy","MsgExecuteContract","","","0","","0.085084","USTC"
"2022.07.01 22:04:25+04:30","6594EB34C1FF8C72EFA2A63183D6393A385384565D91F7DAD13C11C263D40F15","terra1kcthelkax4j9x8d3ny6sdag0qmxxynl3qtcrpy","MsgExecuteContract","","","0","","33.702944","Lunc"
"2022.07.01 21:48:20+04:30","07AB143613920A36A81604AA67C404BE527E9CE725BF0F4B085C806A6934D021","terra1kcthelkax4j9x8d3ny6sdag0qmxxynl3qtcrpy","MsgExecuteContract","","","0","","0.092240","USTC"
"2022.07.01 21:46:15+04:30","25C0DAD2BBE0648DBE96C79A8F9C81D777DB9598465C5AB962670F22CBEACDF4","terra1kcthelkax4j9x8d3ny6sdag0qmxxynl3qtcrpy","MsgExecuteContract","","","0","","0.142218","USTC"
"2022.07.01 21:45:08+04:30","F7AF634AA933C7D7D7A2A1B1AA0C26BE85BFECD4A19997139C5725A3CFB7222A","terra1kcthelkax4j9x8d3ny6sdag0qmxxynl3qtcrpy","MsgExecuteContract","","","0","","0.094221","USTC"
"2022.07.01 21:09:06+04:30","FFEBB60BF152C9F4FEE2D495C0EF4080533D0F4318698FC0EA2378BE449BB82F","terra1kcthelkax4j9x8d3ny6sdag0qmxxynl3qtcrpy","MsgExecuteContract","","","0","","0.362725","USTC"
"2022.07.01 21:07:35+04:30","1A54568211AA42660C7DF9C7AB217ED58BC8A523A32F2B29F844758A3C619A4E","terra1kcthelkax4j9x8d3ny6sdag0qmxxynl3qtcrpy","MsgExecuteContract","","","0","","0.156476","USTC"
"2022.07.01 21:04:47+04:30","CE41BC4B752DAAE0D14574DBDB63447556EFA720177F24A935C6382EE788D904","terra1kcthelkax4j9x8d3ny6sdag0qmxxynl3qtcrpy","MsgExecuteContract","","","0","","33.701663","Lunc"
"2022.07.01 21:03:11+04:30","72F05021E9C443337784473944C0138416A37E68976B524CC15BAF52719D6669","terra1kcthelkax4j9x8d3ny6sdag0qmxxynl3qtcrpy","MsgExecuteContract","","","0","","1.041736","USTC"
"2022.07.01 21:02:41+04:30","C6E4DA4FFC332BF584CC858A9C47EA97A3133948DA9F754F4FD802A91E68B7E0","terra1kcthelkax4j9x8d3ny6sdag0qmxxynl3qtcrpy","MsgExecuteContract","","","0","","0.513444","USTC"
"2022.07.01 21:02:23+04:30","D58E4E157864BED2F04C4A3252CD5FC0B07A72346C06F479C7955BC0046D4BA6","terra1kcthelkax4j9x8d3ny6sdag0qmxxynl3qtcrpy","MsgExecuteContract","","","0","","0.085083","USTC"
"2022.07.01 20:53:16+04:30","AC7FBC50B303037E2F8E16E0D568C603AC403E13F6E17C611B586A2E3D6E18B4","terra1kcthelkax4j9x8d3ny6sdag0qmxxynl3qtcrpy","MsgExecuteContract","","","0","","2.288275","Lunc"
"2022.07.01 20:45:20+04:30","70330E57AE92BBDB74B7A70D85A43EE5175A1039A27720B763499DDB683E35FD","terra1kcthelkax4j9x8d3ny6sdag0qmxxynl3qtcrpy","MsgExecuteContract","","","0","","0.156477","USTC"
"2022.07.01 20:44:38+04:30","5D7E7C7B9632602DC01D307422A0B060F4D7E27434D8C0BAB8B75658DD0D823E","terra1kcthelkax4j9x8d3ny6sdag0qmxxynl3qtcrpy","MsgExecuteContract","","","0","","0.156470","USTC"
"2022.07.01 20:44:25+04:30","BDD33BAF0788241FBAD90EEFFB84D9FB8AF8A002E025B6A6151A18F2278C4817","terra1kcthelkax4j9x8d3ny6sdag0qmxxynl3qtcrpy","MsgExecuteContract","","","0","","0.298089","USTC"
"2022.07.01 20:44:19+04:30","847465D64994FDF74317946D95C31E534C43821D52254FBCD28F0357E530C964","terra1kcthelkax4j9x8d3ny6sdag0qmxxynl3qtcrpy","MsgExecuteContract","","","0","","0.298091","USTC"
"2022.07.01 20:44:13+04:30","3D00A8D979CF7A4F6552C8CD30232A1016299FA1F4837E3D3B63247AA2FA21E3","terra1kcthelkax4j9x8d3ny6sdag0qmxxynl3qtcrpy","MsgExecuteContract","","","0","","0.298091","USTC"
"2022.07.01 20:44:07+04:30","1D5915CC61A854F5337C5D229E9FDFF263AD71484C97281C2B8D3643ECC6ECE8","terra1kcthelkax4j9x8d3ny6sdag0qmxxynl3qtcrpy","MsgExecuteContract","","","0","","0.298089","USTC"
"2022.07.01 20:43:55+04:30","EB8B8D3CFBEAA53518C4FE8949D3FBB9852928FC20CE21289D559FF559156DC7","terra1kcthelkax4j9x8d3ny6sdag0qmxxynl3qtcrpy","MsgExecuteContract","","","0","","0.298092","USTC"
"2022.07.01 20:43:43+04:30","6D2C1F5DAD51F97B99C8689CB2AA93C2BBA8B74B9D01176101CE60B059524E24","terra1kcthelkax4j9x8d3ny6sdag0qmxxynl3qtcrpy","MsgExecuteContract","","","0","","0.298089","USTC"
"2022.07.01 20:43:37+04:30","34003B9D1B3503DB0ABC3C7CBE8722952BA75275E4D51C5D537F897B5A2438E1","terra1kcthelkax4j9x8d3ny6sdag0qmxxynl3qtcrpy","MsgExecuteContract","","","0","","0.298089","USTC"
"2022.07.01 20:43:31+04:30","59BB8A286C721A30F1D3F50760FC87480DC1CC467EDEBA7968A2D38E7979D940","terra1kcthelkax4j9x8d3ny6sdag0qmxxynl3qtcrpy","MsgExecuteContract","","","0","","0.298089","USTC"
"2022.07.01 20:43:19+04:30","3A11EB1360F25B1AE74ACD625D73A7475F08739D2050706BC76D56332D2B48CB","terra1kcthelkax4j9x8d3ny6sdag0qmxxynl3qtcrpy","MsgExecuteContract","","","0","","0.298093","USTC"
"2022.07.01 20:43:07+04:30","DDA89FC01965E3B0CF57AA198D2B20C5958177E18AFEB85127AF32F23E09C7F8","terra1kcthelkax4j9x8d3ny6sdag0qmxxynl3qtcrpy","MsgExecuteContract","","","0","","0.298089","USTC"
"2022.07.01 20:43:01+04:30","B738B3BF074C29915A0A9EE2ACCE0B549D2673BD0F2A05645539AA48D866022C","terra1kcthelkax4j9x8d3ny6sdag0qmxxynl3qtcrpy","MsgExecuteContract","","","0","","0.298088","USTC"
"2022.07.01 20:42:55+04:30","0C489BB142C05BC51EFDA90C8D1BDC864862966101A72ED18DF66C43A3F0EDCA","terra1kcthelkax4j9x8d3ny6sdag0qmxxynl3qtcrpy","MsgExecuteContract","","","0","","0.298092","USTC"
"2022.07.01 20:42:43+04:30","9C4FD46F20A495813FB02B2A62EACC7FFD6FE9AD53DEA9605E2B516B1588E0F1","terra1kcthelkax4j9x8d3ny6sdag0qmxxynl3qtcrpy","MsgExecuteContract","","","0","","0.298088","USTC"
"2022.07.01 20:42:37+04:30","C7C355B6251023D44FAD4502EC0E217A0000F9699F69DDE3640759F44C3F63CC","terra1kcthelkax4j9x8d3ny6sdag0qmxxynl3qtcrpy","MsgExecuteContract","","","0","","0.298093","USTC"
"2022.07.01 20:42:31+04:30","E9E20E5998417A47279DCE00469A3C44270B9F566A03DFEB1159A82CA6014325","terra1kcthelkax4j9x8d3ny6sdag0qmxxynl3qtcrpy","MsgExecuteContract","","","0","","0.298091","USTC"
"2022.07.01 20:42:19+04:30","B2B50ABE7867E27885C9C56D0210FA4D2EBD4D67A20FD56B7D7B482F070612E8","terra1kcthelkax4j9x8d3ny6sdag0qmxxynl3qtcrpy","MsgExecuteContract","","","0","","0.298090","USTC"
"2022.07.01 20:42:13+04:30","B46E53D2AB223567CB26417F2746DA281E9EEC5BCA4E6E1783B5B8022CD80DE7","terra1kcthelkax4j9x8d3ny6sdag0qmxxynl3qtcrpy","MsgExecuteContract","","","0","","5.652911","Lunc"
"2022.07.01 20:42:13+04:30","1B7967DB288621750A71E3666BDCBA88475272B70BB13910C1BB951D25054310","terra1kcthelkax4j9x8d3ny6sdag0qmxxynl3qtcrpy","MsgExecuteContract","","","0","","0.229504","USTC"
"2022.07.01 20:42:07+04:30","505EF6731FC34DAAE8E8B59198E25A1B4BB2DC602103D598E059B6743D0F002E","terra1kcthelkax4j9x8d3ny6sdag0qmxxynl3qtcrpy","MsgExecuteContract","","","0","","0.142807","USTC"
"2022.07.01 20:41:25+04:30","B7BC1490298F6CE2EA4D35AC5874D8BC5DA3613B68C0D8F15B5518D16F1A354A","terra1kcthelkax4j9x8d3ny6sdag0qmxxynl3qtcrpy","MsgExecuteContract","","","0","","1.000000","Lunc"
"2022.07.01 20:26:40+04:30","2476361250180FD4EC01DFE9638E9462DCB5A16A1D362ED091A9CBE1D2FA705E","terra1kcthelkax4j9x8d3ny6sdag0qmxxynl3qtcrpy","MsgExecuteContract","","","0","","0.156478","USTC"
"2022.07.01 20:04:14+04:30","D39342D0F4E334F54907C3EF25F10899DE71A29A08E264B45753801619776C9F","terra1kcthelkax4j9x8d3ny6sdag0qmxxynl3qtcrpy","MsgExecuteContract","","","0","","29.912317","Lunc"
"2022.07.01 20:02:08+04:30","28BCF1992BBAD2F766DAE7C58EE12C601FFA8DA4068392927FB545427E5172E8","terra1kcthelkax4j9x8d3ny6sdag0qmxxynl3qtcrpy","MsgExecuteContract","","","0","","0.085082","USTC"
"2022.07.01 19:51:55+04:30","00C07F9E9AE1C96F96B79790AFD48E8DD5C6F4E137A21A1FF349D9D7BC4D7812","terra1kcthelkax4j9x8d3ny6sdag0qmxxynl3qtcrpy","MsgExecuteContract","","","0","","0.156474","USTC"
"2022.07.01 19:33:53+04:30","A680DA5B73EB27ED75284FDBA6A11C1882892B19D48DDA73B20F4BA19CE9EEEB","terra1kcthelkax4j9x8d3ny6sdag0qmxxynl3qtcrpy","MsgExecuteContract","","","0","","0.156474","USTC"
"2022.07.01 19:19:25+04:30","88E3F23A201DC6FF456C2096D35D01B7C59ADAFF63447026B542705848CDCD48","terra1kcthelkax4j9x8d3ny6sdag0qmxxynl3qtcrpy","MsgExecuteContract","","","0","","0.311375","USTC"
"2022.07.01 19:17:30+04:30","B60A621927D2590EEFAB85100C94B6561F93C32A0BAF062FF0BB265B2A9EB899","terra1kcthelkax4j9x8d3ny6sdag0qmxxynl3qtcrpy","MsgExecuteContract","","","0","","0.577836","USTC"
"2022.07.01 19:13:48+04:30","AE09EA549A81801E2FBBCCAFFE5AFED60298E68431C42BBC43EB3F0E204ADB6B","terra1kcthelkax4j9x8d3ny6sdag0qmxxynl3qtcrpy","MsgExecuteContract","","","0","","0.749877","USTC"
"2022.07.01 19:03:59+04:30","04F6EC40CEDECEEB87F38465ED6BCB61ABE7B15CDF4ECAEFB5A0DF04C3F7D564","terra1kcthelkax4j9x8d3ny6sdag0qmxxynl3qtcrpy","MsgExecuteContract","","","0","","33.583316","Lunc"
"2022.07.01 18:57:16+04:30","C45ABBB751098FD8BB1A3B74DD8A8A435D66826ADF7B5692442734152DC47EF2","terra1kcthelkax4j9x8d3ny6sdag0qmxxynl3qtcrpy","MsgExecuteContract","","","0","","0.085052","USTC"
"2022.07.01 18:37:01+04:30","4E09729BE46CF98E37785D7EB180D87DF2CB1AED6832E9937D7085D496BA4A8F","terra1kcthelkax4j9x8d3ny6sdag0qmxxynl3qtcrpy","MsgExecuteContract","","","0","","0.197741","USTC"
"2022.07.01 18:12:35+04:30","7E5FC9A1F86C8A71365A6E956F67791CC78A78F3496264C212D6D03070C72E64","terra1kcthelkax4j9x8d3ny6sdag0qmxxynl3qtcrpy","MsgExecuteContract","","","0","","0.054866","USTC"
"2022.07.01 18:11:12+04:30","AAAFC6924654D464F735F9107F3B27780F4ECE273270C8AA3AE22C58024811DF","terra1kcthelkax4j9x8d3ny6sdag0qmxxynl3qtcrpy","MsgExecuteContract","","","0","","0.174224","USTC"
"2022.07.01 18:09:42+04:30","6541102A885E9C15A5C6DB18B1420B01DDFBF5F953EEB67B346A5136374F6BCC","terra1kcthelkax4j9x8d3ny6sdag0qmxxynl3qtcrpy","MsgExecuteContract","","","0","","0.071809","USTC"
"2022.07.01 18:09:30+04:30","3005CCDD5DAF2A2094BF019F86810A975A035009625AAC800965C447F638C86D","terra1kcthelkax4j9x8d3ny6sdag0qmxxynl3qtcrpy","MsgExecuteContract","","","0","","0.231840","USTC"
"2022.07.01 18:08:55+04:30","D67D38A938BC122EA40E6615D0A46232FD8AFD9AAC932B2E6AC14CED594A7C2E","terra1kcthelkax4j9x8d3ny6sdag0qmxxynl3qtcrpy","MsgExecuteContract","","","0","","0.248645","USTC"
"2022.07.01 18:07:13+04:30","7A647D119C882F3301C2CC5687119F5406F4CE3871B92EC2227021FA9660617F","terra1kcthelkax4j9x8d3ny6sdag0qmxxynl3qtcrpy","MsgExecuteContract","","","0","","0.410156","USTC"
"2022.07.01 18:05:06+04:30","65112F8B3B9CEEA40ED3338168B605B928A46053C6C8C8CCA4A4C22CCBBC7EF6","terra1kcthelkax4j9x8d3ny6sdag0qmxxynl3qtcrpy","MsgExecuteContract","","","0","","33.701544","Lunc"
"2022.07.01 18:04:18+04:30","BA4D83FCDCA6720D29FF76AD6934BDDEF8409A0A908A4C34D20AF742CF3396A3","terra1kcthelkax4j9x8d3ny6sdag0qmxxynl3qtcrpy","MsgExecuteContract","","","0","","0.675043","USTC"
"2022.07.01 17:55:10+04:30","97AF24200BC5625C851F97F50AEB0021295884B97694926047E3D15C13989E5D","terra1kcthelkax4j9x8d3ny6sdag0qmxxynl3qtcrpy","MsgExecuteContract","","","0","","1.251659","USTC"
"2022.07.01 17:52:09+04:30","B1C0382BDAED69002926930B3014E11A968BC692A89DBF8CA967E217E6ADBAE0","terra1kcthelkax4j9x8d3ny6sdag0qmxxynl3qtcrpy","MsgExecuteContract","","","0","","0.085082","USTC"
"2022.07.01 17:05:02+04:30","871B2AB82270E99C31F15BC276431BD7BA694B942E218A0A19C520D71061A255","terra1kcthelkax4j9x8d3ny6sdag0qmxxynl3qtcrpy","MsgExecuteContract","","","0","","0.091741","USTC"
"2022.07.01 17:04:25+04:30","005346C22C5A14C06613E181B98B13DA5A31AEE74774A0A304CDB740568D8073","terra1kcthelkax4j9x8d3ny6sdag0qmxxynl3qtcrpy","MsgExecuteContract","","","0","","1.000000","Lunc"
"2022.07.01 17:04:08+04:30","F0721D33B256102EB51977CB761E53FCD414077311D7E6BDA1F9D040ACACCB9D","terra1kcthelkax4j9x8d3ny6sdag0qmxxynl3qtcrpy","MsgExecuteContract","","","0","","29.913755","Lunc"
"2022.07.01 16:54:12+04:30","5E088824D9618046BE5EE10D85A580BF14D849BB6AC7AE3AB8075ED58DB65115","terra1kcthelkax4j9x8d3ny6sdag0qmxxynl3qtcrpy","MsgExecuteContract","","","0","","1.000000","Lunc"
"2022.07.01 16:49:35+04:30","482A05227601F2748594FD1377EDBBD116972D1200FE89B002A75BE3CEB735FD","terra1kcthelkax4j9x8d3ny6sdag0qmxxynl3qtcrpy","MsgExecuteContract","","","0","","0.298089","USTC"
"2022.07.01 16:49:35+04:30","01A0FA9DEA02A6364AC8C5259EA6511A86688B7F12A0D27C54F5CC97919C76C7","terra1kcthelkax4j9x8d3ny6sdag0qmxxynl3qtcrpy","MsgExecuteContract","","","0","","5.110539","Lunc"
"2022.07.01 16:49:29+04:30","2545D9A2BB93EB329AC1C5B8B8D2D28D770F00CDE59761E40272B9408ADF557B","terra1kcthelkax4j9x8d3ny6sdag0qmxxynl3qtcrpy","MsgExecuteContract","","","0","","0.305787","USTC"
"2022.07.01 16:47:17+04:30","12A9A9D3472A668C92BE144F3EE2970809AFA54C0032781407EFCBBD0F6B6D65","terra1kcthelkax4j9x8d3ny6sdag0qmxxynl3qtcrpy","MsgExecuteContract","","","0","","0.085073","USTC"
"2022.07.01 16:14:13+04:30","0AABBAC2AACC91CC4FDA63913D655746C33FE1B6B2EE8AA73D960EF652FF708F","terra1kcthelkax4j9x8d3ny6sdag0qmxxynl3qtcrpy","MsgExecuteContract","","","0","","0.156473","USTC"
"2022.07.01 16:14:02+04:30","BA72E1ED3839EAAD99272293B72BFA6FD0C24D3B2AED4D8EE884639D7D44D5D6","terra1kcthelkax4j9x8d3ny6sdag0qmxxynl3qtcrpy","MsgExecuteContract","","","0","","0.305756","USTC"
"2022.07.01 16:11:01+04:30","34BD1877074FBC40E68BC530CF79A1E81E096E0322D2F6F7676778A20794C516","terra1kcthelkax4j9x8d3ny6sdag0qmxxynl3qtcrpy","MsgExecuteContract","","","0","","0.305762","USTC"
"2022.07.01 16:10:31+04:30","AF64B1F614D387B6A0CE88467D3ADC7C44312443BC081E9E05B2163C0C95FC39","terra1kcthelkax4j9x8d3ny6sdag0qmxxynl3qtcrpy","MsgExecuteContract","","","0","","0.054840","USTC"
"2022.07.01 16:08:33+04:30","B9E5434E297E7F5A47D4E1D254D317E334AAEE9E9CF5F8003C0B74C97444BAA5","terra1kcthelkax4j9x8d3ny6sdag0qmxxynl3qtcrpy","MsgExecuteContract","","","0","","0.091723","USTC"
"2022.07.01 16:07:33+04:30","DFC281CF9F90EB47EC755143A459D3A72B06C020E628E5E23150CDF1FA7DA590","terra1kcthelkax4j9x8d3ny6sdag0qmxxynl3qtcrpy","MsgExecuteContract","","","0","","0.075436","USTC"
"2022.07.01 16:07:21+04:30","3F4C74E8E7315AE47A32905984C92725FFF4CDE624AE35729523FA7AA45D4D72","terra1kcthelkax4j9x8d3ny6sdag0qmxxynl3qtcrpy","MsgExecuteContract","","","0","","0.580994","USTC"
"2022.07.01 16:06:33+04:30","9DDC28F45CCABB4268403C745669FF403E3AA5BE637394DA5B61A5D8B32493DE","terra1kcthelkax4j9x8d3ny6sdag0qmxxynl3qtcrpy","MsgExecuteContract","","","0","","0.022324","USTC"
"2022.07.01 16:06:20+04:30","17AC103EC2423EA74AEE5F8C72D2267109791A62E0DC6AEA12D83CBEA2825473","terra1kcthelkax4j9x8d3ny6sdag0qmxxynl3qtcrpy","MsgExecuteContract","","","0","","0.075280","USTC"
"2022.07.01 16:05:09+04:30","B04D85D4B2A193B02E29D22D1AA56154EF87F8C9B7FDD0171EB1233FBE024485","terra1kcthelkax4j9x8d3ny6sdag0qmxxynl3qtcrpy","MsgExecuteContract","","","0","","0.091717","USTC"
"2022.07.01 16:04:57+04:30","730227CD94A0347EBB7172C474B5B995702046199D26EA375CA240B552CA4403","terra1kcthelkax4j9x8d3ny6sdag0qmxxynl3qtcrpy","MsgExecuteContract","","","0","","33.700105","Lunc"
"2022.07.01 16:04:20+04:30","2EB61FABD7DC096794C3080AD0BD49C7C620F6CD0D858DB6CE4465F1F09B8928","terra1kcthelkax4j9x8d3ny6sdag0qmxxynl3qtcrpy","MsgExecuteContract","","","0","","0.075429","USTC"
"2022.07.01 16:04:02+04:30","301822C6BE8B36F41ADDB1DEFC278215CF5FB967F15E8375D4D6F43819821910","terra1kcthelkax4j9x8d3ny6sdag0qmxxynl3qtcrpy","MsgExecuteContract","","","0","","0.091722","USTC"
"2022.07.01 16:03:50+04:30","D794B54B817143651D196F1E18D369838F8C22B29FF9A6A3F975CE29B5AB14CD","terra1kcthelkax4j9x8d3ny6sdag0qmxxynl3qtcrpy","MsgExecuteContract","","","0","","1.000000","Lunc"
"2022.07.01 15:55:54+04:30","A7F0D39CF0DBBD5843AF447EE3F25B47319B32A820E4E0319BE9EAA47777BAA0","terra1kcthelkax4j9x8d3ny6sdag0qmxxynl3qtcrpy","MsgExecuteContract","","","0","","1.000000","Lunc"
"2022.07.01 15:47:06+04:30","CFB1777540D59142A7780192F23C204866C4E1A7E5994A2F455DFFAB985BF0FE","terra1kcthelkax4j9x8d3ny6sdag0qmxxynl3qtcrpy","MsgExecuteContract","","","0","","0.085100","USTC"
"2022.07.01 15:45:55+04:30","602B18291D233F1A14EAFA54BBC9D27B55FE5E11722E5D084E388427B0C9F504","terra1kcthelkax4j9x8d3ny6sdag0qmxxynl3qtcrpy","MsgExecuteContract","","","0","","0.706973","USTC"
"2022.07.01 15:43:36+04:30","58AECC6D51BC43A05666D6DD2C5A578411D198605D21B264D9B319E76004CB86","terra1kcthelkax4j9x8d3ny6sdag0qmxxynl3qtcrpy","MsgExecuteContract","","","0","","0.156448","USTC"
"2022.07.01 15:43:30+04:30","C1D11B82FDCA757723786AFD839E78D526C5AB8B82C7AE8035732BA3AE366C6A","terra1kcthelkax4j9x8d3ny6sdag0qmxxynl3qtcrpy","MsgExecuteContract","","","0","","0.091672","USTC"
"2022.07.01 15:41:36+04:30","2098D1F56BD628EE6949010ED375498921A6650EDAC3B3B46F73FEAED3C67AAA","terra1kcthelkax4j9x8d3ny6sdag0qmxxynl3qtcrpy","MsgExecuteContract","","","0","","0.305758","USTC"
"2022.07.01 15:40:48+04:30","FF9FFD0057DC95B3E493D6CE167FE185F48016415F93557C14BF60BEC86770E9","terra1kcthelkax4j9x8d3ny6sdag0qmxxynl3qtcrpy","MsgExecuteContract","","","0","","0.305757","USTC"
"2022.07.01 15:37:59+04:30","2E9819014DCB786626A0C835CF531CA8A8ADE7DD35D52117F5884A11E8F943D5","terra1kcthelkax4j9x8d3ny6sdag0qmxxynl3qtcrpy","MsgExecuteContract","","","0","","0.212027","USTC"
"2022.07.01 15:36:05+04:30","14F236D29AF7F68600AEF4DC0FAA1D6DCD25E7A065CCC53CB0AF7E7371BE2AE5","terra1kcthelkax4j9x8d3ny6sdag0qmxxynl3qtcrpy","MsgExecuteContract","","","0","","0.212150","USTC"
"2022.07.01 15:35:16+04:30","A29E077F78454EF5EDCAA00593E26C0F79407FE9730A1F445EB80360C51B3C99","terra1kcthelkax4j9x8d3ny6sdag0qmxxynl3qtcrpy","MsgExecuteContract","","","0","","0.224230","USTC"
"2022.07.01 15:34:27+04:30","D6F4EEA72A5CD03BA65330F6793E203617F29161B7516312C872CDCA43125501","terra1kcthelkax4j9x8d3ny6sdag0qmxxynl3qtcrpy","MsgExecuteContract","","","0","","0.305759","USTC"
"2022.07.01 15:33:45+04:30","D09FA01C9E8A222BF3F251A33468D27D0F76FB20B94B3C20E50C6379A0BD7DBA","terra1kcthelkax4j9x8d3ny6sdag0qmxxynl3qtcrpy","MsgExecuteContract","","","0","","0.211856","USTC"
"2022.07.01 15:32:21+04:30","4C0C8036615258DB2C085727736AB5BCB8081F59B0D4C1526185F08A1A5C3645","terra1kcthelkax4j9x8d3ny6sdag0qmxxynl3qtcrpy","MsgExecuteContract","","","0","","0.156443","USTC"
"2022.07.01 15:32:10+04:30","B72D53178ED3032CA533FB14E126AFD0D02B434E612201063CF1BA679DED55D5","terra1kcthelkax4j9x8d3ny6sdag0qmxxynl3qtcrpy","MsgExecuteContract","","","0","","0.029147","USTC"
"2022.07.01 15:32:04+04:30","000EB662DCADE12271CD1ACED921979E3D4E9104BC7B7BF8D99EEA7D08A5AE68","terra1kcthelkax4j9x8d3ny6sdag0qmxxynl3qtcrpy","MsgExecuteContract","","","0","","0.156479","USTC"
"2022.07.01 15:30:10+04:30","C7EE72C425F86067258FA735E7826278F2750472856326E3A26277875C5F9512","terra1kcthelkax4j9x8d3ny6sdag0qmxxynl3qtcrpy","MsgExecuteContract","","","0","","0.298094","USTC"
"2022.07.01 15:30:04+04:30","04933CDB440FAB4B4960B35701F5C9665CC3B8222D0E16CF42E92246C39D1F49","terra1kcthelkax4j9x8d3ny6sdag0qmxxynl3qtcrpy","MsgExecuteContract","","","0","","0.305783","USTC"
"2022.07.01 15:28:40+04:30","D915D894BC96B5C1A9FAFBB3222F86AF168D00ECA2028CBFD74D46BCEFB90806","terra1kcthelkax4j9x8d3ny6sdag0qmxxynl3qtcrpy","MsgExecuteContract","","","0","","0.298091","USTC"
"2022.07.01 15:28:34+04:30","A022ABC508C5399D2CCAFCD70DDBD3CCF395948CE435E5BDDD5F5CB9E4E0134E","terra1kcthelkax4j9x8d3ny6sdag0qmxxynl3qtcrpy","MsgExecuteContract","","","0","","0.305780","USTC"
"2022.07.01 15:19:10+04:30","9B388E315EA1FFF615C45ABABBB97125BA2E314162004AEC9EF00B1B755E157C","terra1kcthelkax4j9x8d3ny6sdag0qmxxynl3qtcrpy","MsgExecuteContract","","","0","","0.038010","USTC"
"2022.07.01 15:12:40+04:30","621662BA9706CEF88914BDE1B95BD5017CA69DFB7FB08EBD029CEE6F5F5CE91C","terra1kcthelkax4j9x8d3ny6sdag0qmxxynl3qtcrpy","MsgExecuteContract","","","0","","1.000000","Lunc"
"2022.07.01 15:07:35+04:30","421EB646CA158CB691E2E71FA5C73175C7C610645D54C7D7FF77988B30C6950E","terra1kcthelkax4j9x8d3ny6sdag0qmxxynl3qtcrpy","MsgExecuteContract","","","0","","0.054913","USTC"
"2022.07.01 15:06:28+04:30","A5295C01D0F51076B4F0778102810DA6E362F8D5BF621AC180B4B9FCDE7D00CF","terra1kcthelkax4j9x8d3ny6sdag0qmxxynl3qtcrpy","MsgExecuteContract","","","0","","0.054856","USTC"
"2022.07.01 15:04:28+04:30","C46EC95FF5F7054CED182094071AD41703AD95C6F83B9253B97E03E35DC87E4F","terra1kcthelkax4j9x8d3ny6sdag0qmxxynl3qtcrpy","MsgExecuteContract","","","0","","29.912311","Lunc"
"2022.07.01 14:55:00+04:30","A45FA52631F4B049268F236D56ED6A4C9418F42194E837C70A7B85B0FC136239","terra1kcthelkax4j9x8d3ny6sdag0qmxxynl3qtcrpy","MsgExecuteContract","","","0","","0.473870","USTC"
"2022.07.01 14:44:18+04:30","32DE567C553500088F2DFD8061E4C1171AB468DCFC251D4CD613E6742ACEE87C","terra1kcthelkax4j9x8d3ny6sdag0qmxxynl3qtcrpy","MsgExecuteContract","","","0","","0.341747","USTC"
"2022.07.01 14:42:24+04:30","7EDCA862064D1CC056C4097A3DA6DB24053BF75F7F21E2FBAED6C72BDC6E23B4","terra1kcthelkax4j9x8d3ny6sdag0qmxxynl3qtcrpy","MsgExecuteContract","","","0","","0.085056","USTC"
"2022.07.01 14:37:35+04:30","276B80705782FF913ECBC5E5FCE664521A38FED01647B5055A1D90C49E80D473","terra1kcthelkax4j9x8d3ny6sdag0qmxxynl3qtcrpy","MsgExecuteContract","","","0","","0.080158","USTC"
"2022.07.01 14:35:31+04:30","3616A4BCD95DBCD63DF8A16182634EBD57DF115E5203E9CB41782B48935E9423","terra1kcthelkax4j9x8d3ny6sdag0qmxxynl3qtcrpy","MsgExecuteContract","","","0","","0.080161","USTC"
"2022.07.01 14:29:00+04:30","03AD91D9744161D65C0F087BBCC74AD9E862F53C8ACBA3607ED5228F755203BD","terra1kcthelkax4j9x8d3ny6sdag0qmxxynl3qtcrpy","MsgExecuteContract","","","0","","0.054877","USTC"
"2022.07.01 14:27:24+04:30","DF59E897441F508B4C0F70AED1D15A25B5E4A83E122DB45983C2575C6F991B71","terra1kcthelkax4j9x8d3ny6sdag0qmxxynl3qtcrpy","MsgExecuteContract","","","0","","0.071824","USTC"
"2022.07.01 14:27:18+04:30","921E5707C0657F9412E966A1A67A2E83B88D261620823ACA046360812B96427C","terra1kcthelkax4j9x8d3ny6sdag0qmxxynl3qtcrpy","MsgExecuteContract","","","0","","0.084496","USTC"
"2022.07.01 14:26:48+04:30","A62572800B7977E09DECB8BA09A4DCC0904B9A020BF60B4E5CECE43C74EA5377","terra1kcthelkax4j9x8d3ny6sdag0qmxxynl3qtcrpy","MsgExecuteContract","","","0","","0.248628","USTC"
"2022.07.01 14:25:07+04:30","A12AA2E0CA3C1FABAE721BAF6C84F24D006BD7E31455C14CD48575DC0E42A965","terra1kcthelkax4j9x8d3ny6sdag0qmxxynl3qtcrpy","MsgExecuteContract","","","0","","0.539688","USTC"
"2022.07.01 14:04:24+04:30","6FA8456BD208A7F168CE003D9CD964ECAA84225E17649446A33866986E4799CD","terra1kcthelkax4j9x8d3ny6sdag0qmxxynl3qtcrpy","MsgExecuteContract","","","0","","33.701295","Lunc"
"2022.07.01 13:51:55+04:30","9D49AB1C08E677F35165280C51CE92BC343F9C9742528FDB2A9DFDAC9BA91C8E","terra1kcthelkax4j9x8d3ny6sdag0qmxxynl3qtcrpy","MsgExecuteContract","","","0","","0.305785","USTC"
"2022.07.01 13:43:46+04:30","F09EF4C181C6B6D67A9038000C4510089F87BF433B08CA8F1B94495C79F9AB62","terra1kcthelkax4j9x8d3ny6sdag0qmxxynl3qtcrpy","MsgExecuteContract","","","0","","0.037923","USTC"
"2022.07.01 13:42:15+04:30","E58D171DAA388B16F9401A6B8E8E3B9BD4CE2184F52523EED380EA61FB43DD4E","terra1kcthelkax4j9x8d3ny6sdag0qmxxynl3qtcrpy","MsgExecuteContract","","","0","","0.085166","USTC"
"2022.07.01 13:40:46+04:30","131645F1C05888718E1211B958B601F41E3C9742122FBF12FA9D179DFDF256AE","terra1kcthelkax4j9x8d3ny6sdag0qmxxynl3qtcrpy","MsgExecuteContract","","","0","","0.298090","USTC"
"2022.07.01 13:40:33+04:30","501D11B3B8914549DC50A98FD2329FE33E4FF0498F3E6FCA94DE9B0DAA6F8E8E","terra1kcthelkax4j9x8d3ny6sdag0qmxxynl3qtcrpy","MsgExecuteContract","","","0","","0.305781","USTC"
"2022.07.01 13:36:50+04:30","EAF4F7A444E2E9433D1DA79F36C0A0E14172BA1E7A6CF2DD73410CC8D9E721C2","terra1kcthelkax4j9x8d3ny6sdag0qmxxynl3qtcrpy","MsgExecuteContract","","","0","","0.171284","USTC"
"2022.07.01 13:36:09+04:30","58AC4B0F19927AB0ECE3A86123F4662DC3DFD7C3C7997DAAE103F7E8ABCDD694","terra1kcthelkax4j9x8d3ny6sdag0qmxxynl3qtcrpy","MsgExecuteContract","","","0","","0.071783","USTC"
"2022.07.01 13:31:16+04:30","FD7E5FAA854D198B316B48ACD1EB135EBB78131892EAAF1641C2F8511565AA24","terra1kcthelkax4j9x8d3ny6sdag0qmxxynl3qtcrpy","MsgExecuteContract","","","0","","0.250658","USTC"
"2022.07.01 13:20:57+04:30","0272033B69128B7B2A3B7BD0C85C1B1D3A2E492FF2A30E698D09058B0B6B120C","terra1kcthelkax4j9x8d3ny6sdag0qmxxynl3qtcrpy","MsgExecuteContract","","","0","","0.197742","USTC"
"2022.07.01 13:04:28+04:30","525B78EC737AF9A1F2912B56F1B946B3CA4342AEF165200382C7959E3C74172E","terra1kcthelkax4j9x8d3ny6sdag0qmxxynl3qtcrpy","MsgExecuteContract","","","0","","29.913512","Lunc"
"2022.07.01 12:54:18+04:30","5CC8A489D9D2C47AA154B78112A039F8A7F93C65FE0DAB2EE26D155BCEDFB2B6","terra1kcthelkax4j9x8d3ny6sdag0qmxxynl3qtcrpy","MsgExecuteContract","","","0","","0.305785","USTC"
"2022.07.01 12:51:35+04:30","A7BB844F13A487491BBC149269D6BC1E699D4AB15E6904E314C89CA45C4A01C4","terra1kcthelkax4j9x8d3ny6sdag0qmxxynl3qtcrpy","MsgExecuteContract","","","0","","0.305784","USTC"
"2022.07.01 12:51:11+04:30","51A680E6B260EA97FE09228B2964927D166FD15BCB4543446C813A47C35603BB","terra1kcthelkax4j9x8d3ny6sdag0qmxxynl3qtcrpy","MsgExecuteContract","","","0","","0.298085","USTC"
"2022.07.01 12:50:59+04:30","43CDA7349A0DBB619FE6B7170B209BC059DF40E392AF89469DBE6657129E6238","terra1kcthelkax4j9x8d3ny6sdag0qmxxynl3qtcrpy","MsgExecuteContract","","","0","","0.298088","USTC"
"2022.07.01 12:50:47+04:30","AD950674493FADAF6F67F8392C8A1985EF353BF9EA8B46149B1FED1202EAC792","terra1kcthelkax4j9x8d3ny6sdag0qmxxynl3qtcrpy","MsgExecuteContract","","","0","","0.305784","USTC"
"2022.07.01 12:50:06+04:30","0A3BAFC1FDBF3C3C3E41A46394AB0B20B4A9C587E39EF61E90D18BE1BBFC75A5","terra1kcthelkax4j9x8d3ny6sdag0qmxxynl3qtcrpy","MsgExecuteContract","","","0","","0.305780","USTC"
"2022.07.01 12:47:06+04:30","5C9A41417AADDDCFBEAF221FC140A2B46A1F3DF86BE6DD52AEB4EFEDD830215F","terra1kcthelkax4j9x8d3ny6sdag0qmxxynl3qtcrpy","MsgExecuteContract","","","0","","0.298094","USTC"
"2022.07.01 12:46:53+04:30","039E69F323C3FD20EC7222F11F49954308260CC535670207654BC08D6ACCA3D3","terra1kcthelkax4j9x8d3ny6sdag0qmxxynl3qtcrpy","MsgExecuteContract","","","0","","0.305782","USTC"
"2022.07.01 12:46:29+04:30","B260120CA86DC63AEA6E237CA5F8CECEC4104386A2E49316EF243266097B4CEF","terra1kcthelkax4j9x8d3ny6sdag0qmxxynl3qtcrpy","MsgExecuteContract","","","0","","0.156474","USTC"
"2022.07.01 12:37:15+04:30","75980FD630E2FD2E7B2E46DD5D4F4918B5EAF5715183DFF0ED9232C24EBBE38A","terra1kcthelkax4j9x8d3ny6sdag0qmxxynl3qtcrpy","MsgExecuteContract","","","0","","0.085111","USTC"
"2022.07.01 12:27:04+04:30","58769804F0774B0A198C822C4F4C2B926AE4A27FC3AE564C66E892CFE28419FF","terra1kcthelkax4j9x8d3ny6sdag0qmxxynl3qtcrpy","MsgExecuteContract","","","0","","0.305788","USTC"
"2022.07.01 12:17:24+04:30","AA4801CE0C4FD759FE315B7464FD79D1CB869006375F22D5B4FF301DB6EAF41F","terra1kcthelkax4j9x8d3ny6sdag0qmxxynl3qtcrpy","MsgExecuteContract","","","0","","0.311074","USTC"
"2022.07.01 12:16:19+04:30","C3370BB23D006EC52F99D67BEB12EF0D203FD86A5F2E97262114C899EE2FE017","terra1kcthelkax4j9x8d3ny6sdag0qmxxynl3qtcrpy","MsgExecuteContract","","","0","","0.514640","USTC"
"2022.07.01 12:14:42+04:30","F605B690F3AC838264B6BD0D2219797003D126EAD38CD40D4DD4D2EC9D3E487E","terra1kcthelkax4j9x8d3ny6sdag0qmxxynl3qtcrpy","MsgExecuteContract","","","0","","0.080161","USTC"
"2022.07.01 12:09:43+04:30","0C2F3197377D4BCBDD7BB8A8671C1D90E28C673B92DF60C0391F2C9F3B056128","terra1kcthelkax4j9x8d3ny6sdag0qmxxynl3qtcrpy","MsgExecuteContract","","","0","","0.311174","USTC"
"2022.07.01 12:07:53+04:30","A914E7C645C799A3A9505C5DB91292A548A8490B86A99D94FEEE1C6E9AA61EA0","terra1kcthelkax4j9x8d3ny6sdag0qmxxynl3qtcrpy","MsgExecuteContract","","","0","","0.618479","USTC"
"2022.07.01 12:04:07+04:30","A5590C5481A9612BD94538AEEB2105F474EE1E7F69B2CF88C7BF53C95946E4D5","terra1kcthelkax4j9x8d3ny6sdag0qmxxynl3qtcrpy","MsgExecuteContract","","","0","","29.912277","Lunc"
"2022.07.01 12:01:09+04:30","6EF1CEAB4A56292198ED3B8CF919023BEA7D3A26388C9E2817F991A2CE08B00A","terra1kcthelkax4j9x8d3ny6sdag0qmxxynl3qtcrpy","MsgExecuteContract","","","0","","0.197739","USTC"
"2022.07.01 11:54:39+04:30","6BEC021D86B7F788B776A74FA710EF11257C48A2F40DFE959DB950EB7A1F9A61","terra1kcthelkax4j9x8d3ny6sdag0qmxxynl3qtcrpy","MsgExecuteContract","","","0","","0.054848","USTC"
"2022.07.01 11:54:16+04:30","C5B64F67828FA00DD0346C1387ABB584FDA6894205215F054523EC1EFEDA4D9B","terra1kcthelkax4j9x8d3ny6sdag0qmxxynl3qtcrpy","MsgExecuteContract","","","0","","0.298076","USTC"
"2022.07.01 11:54:03+04:30","A0180E3FBAC594BFDED16D4A94CABA285074E006A03846752585878F7ECF9A4C","terra1kcthelkax4j9x8d3ny6sdag0qmxxynl3qtcrpy","MsgExecuteContract","","","0","","0.298072","USTC"
"2022.07.01 11:53:51+04:30","53CC6158476848F68F12AD0E7278F6EC9C68C8A721B5666EE0F8587C0B7942D1","terra1kcthelkax4j9x8d3ny6sdag0qmxxynl3qtcrpy","MsgExecuteContract","","","0","","0.298076","USTC"
"2022.07.01 11:53:39+04:30","B3D399CC2B14EC22254B6B7B878BDC638EB5CA08EA29532EB1E276C3BAD70EDA","terra1kcthelkax4j9x8d3ny6sdag0qmxxynl3qtcrpy","MsgExecuteContract","","","0","","0.305770","USTC"
"2022.07.01 11:53:09+04:30","1F61A9EA56EA806D9CAE488E91C6ED69759CBBE424EAD7F8F916A1FB5CEB984D","terra1kcthelkax4j9x8d3ny6sdag0qmxxynl3qtcrpy","MsgExecuteContract","","","0","","0.539715","USTC"
"2022.07.01 11:52:45+04:30","5FE2228FDEA51EAC131A51B77A09E6B0991C61B1088C160C4C81E048AA09E981","terra1kcthelkax4j9x8d3ny6sdag0qmxxynl3qtcrpy","MsgExecuteContract","","","0","","0.305768","USTC"
"2022.07.01 11:52:21+04:30","211B969B04D6E0AF087CF2F18B06AE32F5B1C04E141E636A20DA4A9CB3CE8A44","terra1kcthelkax4j9x8d3ny6sdag0qmxxynl3qtcrpy","MsgExecuteContract","","","0","","0.156450","USTC"
"2022.07.01 11:42:04+04:30","D20DABA4C45359940DCDFB0FB7B1F374CCAC3FC4032A4B668B8B6F1D30CF184D","terra1kcthelkax4j9x8d3ny6sdag0qmxxynl3qtcrpy","MsgExecuteContract","","","0","","0.156448","USTC"
"2022.07.01 11:41:36+04:30","1A8AA5A03EF926822C03CA4198B80CE8C1F804E8037794A7ABCA775455853E09","terra1kcthelkax4j9x8d3ny6sdag0qmxxynl3qtcrpy","MsgExecuteContract","","","0","","0.305774","USTC"
"2022.07.01 11:37:08+04:30","D20A56A4EDF9BD9649D274DFCF98F30978B07A25834E77A0C54A1839305D88FE","terra1kcthelkax4j9x8d3ny6sdag0qmxxynl3qtcrpy","MsgExecuteContract","","","0","","0.085123","USTC"
"2022.07.01 11:27:40+04:30","E0C8B2EF54A89E2A14C9F952B484F36D578F343291AEC4B07B7335666AE73002","terra1kcthelkax4j9x8d3ny6sdag0qmxxynl3qtcrpy","MsgExecuteContract","","","0","","0.753035","USTC"
"2022.07.01 11:18:58+04:30","C634954FF5A3E66FB07F55EFAC3BE85198D555AB7332045E139AA5B591C8A238","terra1kcthelkax4j9x8d3ny6sdag0qmxxynl3qtcrpy","MsgExecuteContract","","","0","","1.000000","Lunc"
"2022.07.01 11:18:34+04:30","9CAFBAF66C1978B858316F69ED2DA7BB784D7A8957EEBC0CE25B133090CEF548","terra1kcthelkax4j9x8d3ny6sdag0qmxxynl3qtcrpy","MsgExecuteContract","","","0","","0.305772","USTC"
"2022.07.01 11:12:10+04:30","EBBDD73D0F8C78D525F49338B7CF04B7513A68097B00420D87D50E5E5DF2C7AB","terra1kcthelkax4j9x8d3ny6sdag0qmxxynl3qtcrpy","MsgExecuteContract","","","0","","0.738478","USTC"
"2022.07.01 11:11:46+04:30","34BF5E273D257D9B8F5262864F89A61C9F47DE6F7991B42B9B08BA51C5D365D9","terra1kcthelkax4j9x8d3ny6sdag0qmxxynl3qtcrpy","MsgExecuteContract","","","0","","0.305774","USTC"
"2022.07.01 11:09:50+04:30","85D4D214C85A42FD52DDCE6BB09C849860DA9C3AD4A2207C556C9C82B7F16C1B","terra1kcthelkax4j9x8d3ny6sdag0qmxxynl3qtcrpy","MsgExecuteContract","","","0","","0.305785","USTC"
"2022.07.01 11:04:11+04:30","B42F61BD4C3B9C5D6A99969FAED3CF09BBC24108F0DF27BE2B9FD6CDD5747AB1","terra1kcthelkax4j9x8d3ny6sdag0qmxxynl3qtcrpy","MsgExecuteContract","","","0","","33.585491","Lunc"
"2022.07.01 11:03:59+04:30","A00FBF4D958E260020392D6D0B91ED457E5D4597F12CE383161A52AB80C535A3","terra1kcthelkax4j9x8d3ny6sdag0qmxxynl3qtcrpy","MsgExecuteContract","","","0","","0.156473","USTC"
"2022.07.01 10:56:55+04:30","8126B0EBDD0BC4300737CEC5198D06A5B98F3C4838F036C1BDD9EC8B0440968C","terra1kcthelkax4j9x8d3ny6sdag0qmxxynl3qtcrpy","MsgExecuteContract","","","0","","0.305784","USTC"
"2022.07.01 10:54:20+04:30","E3FB4D639B83063C9E821C41BACCF57C9CE53A152E122700FD7116A5D11DE5F3","terra1kcthelkax4j9x8d3ny6sdag0qmxxynl3qtcrpy","MsgExecuteContract","","","0","","1.000000","Lunc"
"2022.07.01 10:52:53+04:30","46FC703B5384E9C6C3A3F83C1EEC9F7302D9D8A1916D9D7FB4784A9AA851198C","terra1kcthelkax4j9x8d3ny6sdag0qmxxynl3qtcrpy","MsgExecuteContract","","","0","","0.305782","USTC"
"2022.07.01 10:47:06+04:30","252FCF1DAD43B11B0199C564D1870BE875A2938C209634E19127068E44F1494C","terra1kcthelkax4j9x8d3ny6sdag0qmxxynl3qtcrpy","MsgExecuteContract","","","0","","0.060515","USTC"
"2022.07.01 10:41:58+04:30","E95741937FB40030851FA182B030D51D8DCAD872EC6F562DF3B5A90AA9EFF675","terra1kcthelkax4j9x8d3ny6sdag0qmxxynl3qtcrpy","MsgExecuteContract","","","0","","0.772699","USTC"
"2022.07.01 10:38:57+04:30","20ABB3261C523D69391B4185B57008DAB869048BCE8EF9852D349B0E178D2FC2","terra1kcthelkax4j9x8d3ny6sdag0qmxxynl3qtcrpy","MsgExecuteContract","","","0","","0.156474","USTC"
"2022.07.01 10:37:03+04:30","F8A92863DBB2E7863AFD5AAF7699A76B09B2A492A638758DD3AAF6DCF9F8FE5E","terra1kcthelkax4j9x8d3ny6sdag0qmxxynl3qtcrpy","MsgExecuteContract","","","0","","0.085123","USTC"
"2022.07.01 10:36:15+04:30","101E265365FCCBD385C266538561FC509E0BDF68849B5938D5BEC8AFC5767850","terra1kcthelkax4j9x8d3ny6sdag0qmxxynl3qtcrpy","MsgExecuteContract","","","0","","0.305785","USTC"
"2022.07.01 10:34:02+04:30","FA8832C31B119756F2CD52D871AC5ABB353AE52D46574E54105E437EE96DB4DE","terra1kcthelkax4j9x8d3ny6sdag0qmxxynl3qtcrpy","MsgExecuteContract","","","0","","0.305784","USTC"
"2022.07.01 10:33:38+04:30","FE35C95ABD7F5F8717E5656BCE8C354231EBDAA85C10FF709EB1B205D41D1EA8","terra1kcthelkax4j9x8d3ny6sdag0qmxxynl3qtcrpy","MsgExecuteContract","","","0","","0.022324","USTC"
"2022.07.01 10:33:26+04:30","EA2666CB18B0409416555828F74095A7E345DD6B5E9CF8660D87422D35FC0645","terra1kcthelkax4j9x8d3ny6sdag0qmxxynl3qtcrpy","MsgExecuteContract","","","0","","0.305782","USTC"
"2022.07.01 10:33:20+04:30","E6FC9BFD9D5EABDEA531837BCDC4420D6AFB59225AEB10D68F4B37D8D9EBA857","terra1kcthelkax4j9x8d3ny6sdag0qmxxynl3qtcrpy","MsgExecuteContract","","","0","","0.075283","USTC"
"2022.07.01 10:31:44+04:30","36BF8502B677FD56AB83CB52DA1441F6618F25FF3D3B968E583ADE86353B472C","terra1kcthelkax4j9x8d3ny6sdag0qmxxynl3qtcrpy","MsgExecuteContract","","","0","","0.305782","USTC"
"2022.07.01 10:22:57+04:30","20DCA5C0767E705A1FB1A3FAB54F378174E7FFCC6E1C2A67ADBF784944F356C7","terra1kcthelkax4j9x8d3ny6sdag0qmxxynl3qtcrpy","MsgExecuteContract","","","0","","0.311260","USTC"
"2022.07.01 10:22:40+04:30","428309C039599BB2C0BA550484E2D1A9D5EC363CE66A2264F48F2BF7D79CCB15","terra1kcthelkax4j9x8d3ny6sdag0qmxxynl3qtcrpy","MsgExecuteContract","","","0","","0.060798","USTC"
"2022.07.01 10:19:50+04:30","E3A2A71D7040B3511F98B1ACE7B0B748BDADAA6A065D9C81D003CE1C33F4244C","terra1kcthelkax4j9x8d3ny6sdag0qmxxynl3qtcrpy","MsgExecuteContract","","","0","","0.054864","USTC"
"2022.07.01 10:18:45+04:30","ED8D81A9E9FBE6EB4D7D397AF54B0F7421EEC08ADA9E0ADEFF3DC5661DBC126A","terra1kcthelkax4j9x8d3ny6sdag0qmxxynl3qtcrpy","MsgExecuteContract","","","0","","0.453767","USTC"
"2022.07.01 10:04:40+04:30","BC8B48FD8F3A483752F8423298BDAB28C7B8FB9563D991061F4CE8460276B3E7","terra1kcthelkax4j9x8d3ny6sdag0qmxxynl3qtcrpy","MsgExecuteContract","","","0","","29.915806","Lunc"
"2022.07.01 09:50:31+04:30","6684415247578B3571A190C388BF8A18BFF547E6E40F8A2556080BA842C5D429","terra1kcthelkax4j9x8d3ny6sdag0qmxxynl3qtcrpy","MsgExecuteContract","","","0","","0.298093","USTC"
"2022.07.01 09:50:19+04:30","44B9FC2077D9F42E080FD303E4E32CEE60172E2A521934A9BD9500F3C4FDBE99","terra1kcthelkax4j9x8d3ny6sdag0qmxxynl3qtcrpy","MsgExecuteContract","","","0","","0.298089","USTC"
"2022.07.01 09:50:07+04:30","3F72C0EA68D7DFBE3800A769F85BD6BBE7DFE6260FFE7D7CC5453CAE424DDB25","terra1kcthelkax4j9x8d3ny6sdag0qmxxynl3qtcrpy","MsgExecuteContract","","","0","","0.305784","USTC"
"2022.07.01 09:49:13+04:30","ACB46C4326B8B986048B72E4F745E03EF43E44F60F148F4BB07064FFFF3EF827","terra1kcthelkax4j9x8d3ny6sdag0qmxxynl3qtcrpy","MsgExecuteContract","","","0","","0.156474","USTC"
"2022.07.01 09:49:01+04:30","105151EA503E7EEC352EAC29A34D113655169B674753EABB8A98A8B67226CB08","terra1kcthelkax4j9x8d3ny6sdag0qmxxynl3qtcrpy","MsgExecuteContract","","","0","","0.156445","USTC"
"2022.07.01 09:41:09+04:30","8EA320255BD43AA020ECC5CFA28959E0CE0A50C61B051D016990CFB118EAF145","terra1kcthelkax4j9x8d3ny6sdag0qmxxynl3qtcrpy","MsgExecuteContract","","","0","","1.000000","Lunc"
"2022.07.01 09:37:00+04:30","5C12E119EED91A03211E2F421AB6592FDB4A4DBD0C10CE82923597F44D71088C","terra1kcthelkax4j9x8d3ny6sdag0qmxxynl3qtcrpy","MsgExecuteContract","","","0","","0.085142","USTC"
"2022.07.01 09:37:00+04:30","F7CEB0266025B086AA7D03B1E1291DB156D3530EC81DF0DDD8964938DD58BAE7","terra1kcthelkax4j9x8d3ny6sdag0qmxxynl3qtcrpy","MsgExecuteContract","","","0","","1.000000","Lunc"
"2022.07.01 08:54:46+04:30","5A69CD23EDD6DC92F0B3B8EE9DD66DF84D9FF3FD20692569284C4313541537D6","terra1kcthelkax4j9x8d3ny6sdag0qmxxynl3qtcrpy","MsgExecuteContract","","","0","","1.000000","Lunc"
"2022.07.01 08:52:29+04:30","2CF5591C1BF556E3B1D0E28F968D4DFFAEC20876213265B0DE9E90C56D622327","terra1kcthelkax4j9x8d3ny6sdag0qmxxynl3qtcrpy","MsgExecuteContract","","","0","","1.000000","Lunc"
"2022.07.01 08:46:50+04:30","DDF7DEE8B32601E08F04B584E2FB226F9D1720439B0B9F29A3B9808499F08C8C","terra1kcthelkax4j9x8d3ny6sdag0qmxxynl3qtcrpy","MsgExecuteContract","","","0","","1.000000","Lunc"
"2022.07.01 08:32:12+04:30","5B466B5B6E58950D0BE0242397A0FDE758962122B7C4BF77F86B9D4C892390AF","terra1kcthelkax4j9x8d3ny6sdag0qmxxynl3qtcrpy","MsgExecuteContract","","","0","","0.085132","USTC"
"2022.07.01 08:25:51+04:30","2B045681392A4957012F046447510BF555A89E5EB139C1D375C2600501F0A80C","terra1kcthelkax4j9x8d3ny6sdag0qmxxynl3qtcrpy","MsgExecuteContract","","","0","","0.022325","USTC"
"2022.07.01 08:25:39+04:30","29EB80CA9343FE37C7F1DD7F7F6B89750A65406052D2F8FA431AE4524910829B","terra1kcthelkax4j9x8d3ny6sdag0qmxxynl3qtcrpy","MsgExecuteContract","","","0","","0.075282","USTC"
"2022.07.01 08:17:31+04:30","E0F20552FD50ECC62B6E5E63E90191831C3D3CD2589192E93A1349BB1950DF28","terra1kcthelkax4j9x8d3ny6sdag0qmxxynl3qtcrpy","MsgExecuteContract","","","0","","0.298062","USTC"
"2022.07.01 08:17:25+04:30","D1C88CDC82BEC1AAA04646EEC7C2275B35D151796540845156A032A3850B7D55","terra1kcthelkax4j9x8d3ny6sdag0qmxxynl3qtcrpy","MsgExecuteContract","","","0","","0.022324","USTC"
"2022.07.01 08:17:19+04:30","0305A63B64241BAC4C8CA87D72DE0B9FB95F7CC8FF512460A39B0DAC0073FEA2","terra1kcthelkax4j9x8d3ny6sdag0qmxxynl3qtcrpy","MsgExecuteContract","","","0","","0.298065","USTC"
"2022.07.01 08:17:13+04:30","CA7BCC54D1F8A86A7AE9DA97BF155969F63A29485CC1CC2B05B5C92880AFE7FC","terra1kcthelkax4j9x8d3ny6sdag0qmxxynl3qtcrpy","MsgExecuteContract","","","0","","0.075278","USTC"
"2022.07.01 08:14:16+04:30","C88BEFC4D915601AD51669B73E8ABFF80EF5940BA813819A553C84406E799FDC","terra1kcthelkax4j9x8d3ny6sdag0qmxxynl3qtcrpy","MsgExecuteContract","","","0","","0.600994","USTC"
"2022.07.01 08:11:26+04:30","83B843937AED495CA90149A0D593E08C7B06FF94CBAB7F432C250802E40B5894","terra1kcthelkax4j9x8d3ny6sdag0qmxxynl3qtcrpy","MsgExecuteContract","","","0","","0.197740","USTC"
"2022.07.01 08:10:45+04:30","EDD0D9725684904334CC79A9436EB44D8DC02898CF4AB1B0E01DB136B3BB273F","terra1kcthelkax4j9x8d3ny6sdag0qmxxynl3qtcrpy","MsgExecuteContract","","","0","","0.192609","USTC"
"2022.07.01 08:10:33+04:30","2A2F27B14350C8EC4799EE29985CE4BED571564A0030FA361BB464674ED31A05","terra1kcthelkax4j9x8d3ny6sdag0qmxxynl3qtcrpy","MsgExecuteContract","","","0","","0.197741","USTC"
"2022.07.01 08:04:09+04:30","EEA02DD50D7BF397344A63E62E4BF6532022D0729C8B578532A3A550A1516E28","terra1kcthelkax4j9x8d3ny6sdag0qmxxynl3qtcrpy","MsgExecuteContract","","","0","","29.912979","Lunc"
"2022.07.01 08:03:15+04:30","786157FF66FC6637AECA36D2B2FA2E7D20DD1041726070A1D9C93871CA5018F4","terra1kcthelkax4j9x8d3ny6sdag0qmxxynl3qtcrpy","MsgExecuteContract","","","0","","0.197752","USTC"
"2022.07.01 07:55:11+04:30","24741FB5704FF353D062C95D85A6AEF2D95156DE00C77A57406AAF783803CE81","terra1kcthelkax4j9x8d3ny6sdag0qmxxynl3qtcrpy","MsgExecuteContract","","","0","","1.000000","Lunc"
"2022.07.01 07:40:43+04:30","50BC0D7B0BC164B92281CDE4ECB6D56A3ED87C41C0AE40B5DB509D53B13723D6","terra1kcthelkax4j9x8d3ny6sdag0qmxxynl3qtcrpy","MsgExecuteContract","","","0","","0.113406","USTC"
"2022.07.01 07:40:43+04:30","B60B6BC7CE037BEBD01ADD5E42F9C0127514A49CB14F395905925B5134D5E7A5","terra1kcthelkax4j9x8d3ny6sdag0qmxxynl3qtcrpy","MsgExecuteContract","","","0","","0.298090","USTC"
"2022.07.01 07:40:31+04:30","F29914F771D441A4292555A824A41945922999E16FA8954126688CB42C4DFA86","terra1kcthelkax4j9x8d3ny6sdag0qmxxynl3qtcrpy","MsgExecuteContract","","","0","","0.137332","USTC"
"2022.07.01 07:40:25+04:30","4BBC8AE30106D655EF6FAB82654C1A37D9E0D7D36EBC6D8C547F4F99E418D5F5","terra1kcthelkax4j9x8d3ny6sdag0qmxxynl3qtcrpy","MsgExecuteContract","","","0","","0.305775","USTC"
"2022.07.01 07:40:19+04:30","A1EDB3531039C9D04A57286478633E20BE1AED07C59C17683D300B7A6D1C953C","terra1kcthelkax4j9x8d3ny6sdag0qmxxynl3qtcrpy","MsgExecuteContract","","","0","","0.127353","USTC"
"2022.07.01 07:40:07+04:30","42EA42BD424413A6888EC8D4D5476C71FD24C5F27C02F81CC67C58356180DBFC","terra1kcthelkax4j9x8d3ny6sdag0qmxxynl3qtcrpy","MsgExecuteContract","","","0","","0.180347","USTC"
"2022.07.01 07:39:54+04:30","CA6B976CA8F50EFAC892BAC120B71D844B07542DEA8C1B7891B99CC96806CF0C","terra1kcthelkax4j9x8d3ny6sdag0qmxxynl3qtcrpy","MsgExecuteContract","","","0","","0.113417","USTC"
"2022.07.01 07:39:41+04:30","C7BDCCA4BF988751144778A79A5C0090712031CAF303AC2EC3EB463A2FB5C724","terra1kcthelkax4j9x8d3ny6sdag0qmxxynl3qtcrpy","MsgExecuteContract","","","0","","0.127587","USTC"
"2022.07.01 07:39:29+04:30","09E4CD398D3922E429C14BCB24F5ED7B154563B754BD8A24A486B03E99B31433","terra1kcthelkax4j9x8d3ny6sdag0qmxxynl3qtcrpy","MsgExecuteContract","","","0","","0.075368","USTC"
"2022.07.01 07:39:17+04:30","BCD0661A87EB0EF7CAD2949D76D317B26B26E63BE4A7F8999DE7B362DAECBE17","terra1kcthelkax4j9x8d3ny6sdag0qmxxynl3qtcrpy","MsgExecuteContract","","","0","","0.114393","USTC"
"2022.07.01 07:32:14+04:30","7081BC46F21946EFCE3B18E592B65CF9F6D541BB11CB5B6A84875C35DCAE5AAE","terra1kcthelkax4j9x8d3ny6sdag0qmxxynl3qtcrpy","MsgExecuteContract","","","0","","0.085115","USTC"
"2022.07.01 07:09:24+04:30","9BE55337E04977FA3B3EEC92B9249D7338404C44DA88406BE69BEB5FAADD5211","terra1kcthelkax4j9x8d3ny6sdag0qmxxynl3qtcrpy","MsgExecuteContract","","","0","","1.251643","USTC"
"2022.07.01 07:03:52+04:30","BB2721CC54B1EE11339AAFAB292A7D4F83C098931D2DB9C2491C2E9E0828EE61","terra1kcthelkax4j9x8d3ny6sdag0qmxxynl3qtcrpy","MsgExecuteContract","","","0","","29.912747","Lunc"
"2022.07.01 06:53:05+04:30","560CBF94105C6EAFCE53EA0372FEB9457D092A3FA40648A1C2D4BFC65A606125","terra1kcthelkax4j9x8d3ny6sdag0qmxxynl3qtcrpy","MsgExecuteContract","","","0","","0.080151","USTC"
"2022.07.01 06:52:57+04:30","9564D4C6137F985DAA8592E5A62249B0C85A1ED1B4EAF43E7EE5E6308F59D8FD","terra1kcthelkax4j9x8d3ny6sdag0qmxxynl3qtcrpy","MsgExecuteContract","","","0","","0.080162","USTC"
"2022.07.01 06:50:15+04:30","3588BAADBFCDE4621D8897CDAF1D8C493E07994CD8DA9F7C8A7182299A8B5358","terra1kcthelkax4j9x8d3ny6sdag0qmxxynl3qtcrpy","MsgExecuteContract","","","0","","0.080163","USTC"
"2022.07.01 06:48:57+04:30","B5479E546C0CE64694981D3A4B1AD707C7051B7FFE949F00EF082E473670D952","terra1kcthelkax4j9x8d3ny6sdag0qmxxynl3qtcrpy","MsgExecuteContract","","","0","","0.197748","USTC"
"2022.07.01 06:48:45+04:30","4CEB3AD5829355700AD7BB057815BF924E5CF6284E3994E3664A570458F4B7A0","terra1kcthelkax4j9x8d3ny6sdag0qmxxynl3qtcrpy","MsgExecuteContract","","","0","","0.192623","USTC"
"2022.07.01 06:48:32+04:30","55AF170AD3BFB066F3D70326D7BE8DE38C6AE15807DCDFAD61DB3F95CCFB4F01","terra1kcthelkax4j9x8d3ny6sdag0qmxxynl3qtcrpy","MsgExecuteContract","","","0","","0.197751","USTC"
"2022.07.01 06:44:48+04:30","E79C473150666A87D86551094C96C1096DAAEA0BAF0B6920CF792ABDB4B05513","terra1kcthelkax4j9x8d3ny6sdag0qmxxynl3qtcrpy","MsgExecuteContract","","","0","","0.425515","USTC"
"2022.07.01 06:32:08+04:30","A46A00911057C73EDBEA554ADEAD1331E603E676E37AF4C6DC4FDE285428BA8C","terra1kcthelkax4j9x8d3ny6sdag0qmxxynl3qtcrpy","MsgExecuteContract","","","0","","0.085107","USTC"
"2022.07.01 06:04:01+04:30","5C09D33E737BEAA29ABA613D24666ECF926B840D5C3C667571E1C83EA051F113","terra1kcthelkax4j9x8d3ny6sdag0qmxxynl3qtcrpy","MsgExecuteContract","","","0","","29.912232","Lunc"
"2022.07.01 06:04:01+04:30","BAB872E2369A4082C3978DB9E90E4AD1F9C063ED204C9425A0304FFB02C1B260","terra1kcthelkax4j9x8d3ny6sdag0qmxxynl3qtcrpy","MsgExecuteContract","","","0","","0.248520","USTC"
"2022.07.01 05:27:24+04:30","D2D5CE5ABEFEC94AA4BC90E250F6A585406F9E79A677906494FA255D7F0B72B0","terra1kcthelkax4j9x8d3ny6sdag0qmxxynl3qtcrpy","MsgExecuteContract","","","0","","0.085103","USTC"
"2022.07.01 05:05:04+04:30","BAC0E0DE73E0C2B67C7B8F5B7F474D57F0CABF048F4C8BDC5415592DCF930594","terra1kcthelkax4j9x8d3ny6sdag0qmxxynl3qtcrpy","MsgExecuteContract","","","0","","0.091653","USTC"
"2022.07.01 05:04:10+04:30","C869B2F82034023ADF5E0C0EAC66BC196EBC597D4F275785BE5549BB413F0773","terra1kcthelkax4j9x8d3ny6sdag0qmxxynl3qtcrpy","MsgExecuteContract","","","0","","0.075455","USTC"
"2022.07.01 05:03:46+04:30","D10BE5346256F35DA45FD524457C2185DCE8DB13078A3018346DAB3AA99FF984","terra1kcthelkax4j9x8d3ny6sdag0qmxxynl3qtcrpy","MsgExecuteContract","","","0","","29.913812","Lunc"
"2022.07.01 05:03:04+04:30","CC9EC76FB9BDDFE8619229F267C71CCB2541AA79BE2436C7C1EFBB512E952D55","terra1kcthelkax4j9x8d3ny6sdag0qmxxynl3qtcrpy","MsgExecuteContract","","","0","","0.197753","USTC"
"2022.07.01 05:01:01+04:30","29EDA99B07DB58EBD2926637A0924E6C66EF0B958D9044DAEE0ECB44F7E8E322","terra1kcthelkax4j9x8d3ny6sdag0qmxxynl3qtcrpy","MsgExecuteContract","","","0","","0.192624","USTC"
"2022.07.01 05:00:55+04:30","3376E5EDEF9A8E8344517CBCE8B55B6BD61B738B0E54435FE777C03D2242D9D1","terra1kcthelkax4j9x8d3ny6sdag0qmxxynl3qtcrpy","MsgExecuteContract","","","0","","0.212086","USTC"
"2022.07.01 05:00:49+04:30","9C3F748A663D432AE196335136DDD52C318CEAF8B4EABDA1C67C9CA9A91CA173","terra1kcthelkax4j9x8d3ny6sdag0qmxxynl3qtcrpy","MsgExecuteContract","","","0","","0.192622","USTC"
"2022.07.01 05:00:36+04:30","14FFC1248564FD40ECC5DB20E751493091D687537DA4337981148FAE02915217","terra1kcthelkax4j9x8d3ny6sdag0qmxxynl3qtcrpy","MsgExecuteContract","","","0","","0.192624","USTC"
"2022.07.01 05:00:25+04:30","C6FBCB1FA9D58099D68763B562063B8D0FF1C84BBC29F561A1C41F8BD1614C60","terra1kcthelkax4j9x8d3ny6sdag0qmxxynl3qtcrpy","MsgExecuteContract","","","0","","0.192621","USTC"
"2022.07.01 05:00:18+04:30","C0976D5AE63CCE13001C109F36D619714519F1617CA2D56315F937E09B6DC6C9","terra1kcthelkax4j9x8d3ny6sdag0qmxxynl3qtcrpy","MsgExecuteContract","","","0","","0.224262","USTC"
"2022.07.01 05:00:12+04:30","D8084125297CC17D34F4C144FBF06BCA96FA4767F08CC895008BF7D6BE7BFA1C","terra1kcthelkax4j9x8d3ny6sdag0qmxxynl3qtcrpy","MsgExecuteContract","","","0","","0.192621","USTC"
"2022.07.01 05:00:01+04:30","FE9BD527100C598BEBAC4CDDCEE1D3AB4A41DC9C9D72D02BD7015D68AB37BF28","terra1kcthelkax4j9x8d3ny6sdag0qmxxynl3qtcrpy","MsgExecuteContract","","","0","","0.197751","USTC"
"2022.07.01 04:59:55+04:30","73A359FFD3A7F4B259124C03FB92DFF1A6B39896FA3F9EB5511E16C22AD522CD","terra1kcthelkax4j9x8d3ny6sdag0qmxxynl3qtcrpy","MsgExecuteContract","","","0","","0.212119","USTC"
"2022.07.01 04:59:49+04:30","308DE74F51FF9C9E7DB586ACC04704941714E3262BA14B8BFA5961EB7760C865","terra1kcthelkax4j9x8d3ny6sdag0qmxxynl3qtcrpy","MsgExecuteContract","","","0","","0.197751","USTC"
"2022.07.01 04:59:13+04:30","723159C8666FF85BF27975C4D72D98E5199BFC3240271D502779B8A6C8489CBF","terra1kcthelkax4j9x8d3ny6sdag0qmxxynl3qtcrpy","MsgExecuteContract","","","0","","0.080163","USTC"
"2022.07.01 04:56:04+04:30","6C34576E436FA1272AA479FE5FEA9806D253C751C1ECDE453EC1231283AA5115","terra1kcthelkax4j9x8d3ny6sdag0qmxxynl3qtcrpy","MsgExecuteContract","","","0","","0.197753","USTC"
"2022.07.01 04:54:10+04:30","D95391DCFC2C3BAB4760F42E251FD510CFDA07A6DAF397C12A6118583F11C49E","terra1kcthelkax4j9x8d3ny6sdag0qmxxynl3qtcrpy","MsgExecuteContract","","","0","","1.000000","Lunc"
"2022.07.01 04:54:04+04:30","F68A3ACF571FC146F08A2CDD4448D225E7E048C9CF2E380C70FC255640172C86","terra1kcthelkax4j9x8d3ny6sdag0qmxxynl3qtcrpy","MsgExecuteContract","","","0","","0.080160","USTC"
"2022.07.01 04:53:52+04:30","2FF1B9025EA8F2FA7102D8776C95A5941AEA05267394250A0716F5C9118604A5","terra1kcthelkax4j9x8d3ny6sdag0qmxxynl3qtcrpy","MsgExecuteContract","","","0","","0.080159","USTC"
"2022.07.01 04:34:59+04:30","E8FBBA2A07434BAF29FC6B58014343C89D7E2DCD4FDF45613B96C6779E1B22E6","terra1kcthelkax4j9x8d3ny6sdag0qmxxynl3qtcrpy","MsgExecuteContract","","","0","","0.156469","USTC"
"2022.07.01 04:27:08+04:30","A15FC0929145847C10515A7076C64354A932D0BC482BB6C74BEDB67A04D551A8","terra1kcthelkax4j9x8d3ny6sdag0qmxxynl3qtcrpy","MsgExecuteContract","","","0","","0.085161","USTC"
"2022.07.01 04:25:01+04:30","15772C3EFA37BC9E48665C8EBCB59FD185B5CC19E5B0FD620E21B50330D1B4DA","terra1kcthelkax4j9x8d3ny6sdag0qmxxynl3qtcrpy","MsgExecuteContract","","","0","","0.192622","USTC"
"2022.07.01 04:24:48+04:30","DD66291B6E16D5D2781931E65A68198348184B20A5D3443B649A7A505625B5EF","terra1kcthelkax4j9x8d3ny6sdag0qmxxynl3qtcrpy","MsgExecuteContract","","","0","","0.192623","USTC"
"2022.07.01 04:24:36+04:30","5D700E39DEB93144CDA5C2C8F42F0D0F6D2C35BDD9197DD0F4DDB60A564CBF0D","terra1kcthelkax4j9x8d3ny6sdag0qmxxynl3qtcrpy","MsgExecuteContract","","","0","","0.192625","USTC"
"2022.07.01 04:24:18+04:30","EE5551FA87A008FEA8D99CD80827A64834A17F2E5A7FD283DF35F53E949C1BB3","terra1kcthelkax4j9x8d3ny6sdag0qmxxynl3qtcrpy","MsgExecuteContract","","","0","","0.197753","USTC"
"2022.07.01 04:24:07+04:30","A5D4FB1A19D4BCB5A350AEF5BEAC6C4955A438AE9848F149929D56AEFB4C5BD9","terra1kcthelkax4j9x8d3ny6sdag0qmxxynl3qtcrpy","MsgExecuteContract","","","0","","0.192623","USTC"
"2022.07.01 04:23:55+04:30","3992F42C7A7559D20C454B3F86D840A6695B647BF727D4139E315A6BD2F4B572","terra1kcthelkax4j9x8d3ny6sdag0qmxxynl3qtcrpy","MsgExecuteContract","","","0","","0.192623","USTC"
"2022.07.01 04:23:38+04:30","690061F7330BD44746AD2852A78303B0944AB06D83E83E0C959ED651AE24D53B","terra1kcthelkax4j9x8d3ny6sdag0qmxxynl3qtcrpy","MsgExecuteContract","","","0","","0.197755","USTC"
"2022.07.01 04:21:39+04:30","924E717ECFD9E0F3116A36165012E209B95B85059DE4CECD533D760D1863E6CE","terra1kcthelkax4j9x8d3ny6sdag0qmxxynl3qtcrpy","MsgExecuteContract","","","0","","0.197753","USTC"
"2022.07.01 04:05:36+04:30","89FE3273A4C8871FA11AFD02FBB58E1EA72C4A0817A201A4B72CC26F5DDE9EE4","terra1kcthelkax4j9x8d3ny6sdag0qmxxynl3qtcrpy","MsgExecuteContract","","","0","","0.197751","USTC"
"2022.07.01 04:04:48+04:30","4BB1D580A8B1C9ACF34D13F8251D941D35E7343DE1FC17C87B1CE5FE73F61721","terra1kcthelkax4j9x8d3ny6sdag0qmxxynl3qtcrpy","MsgExecuteContract","","","0","","0.192623","USTC"
"2022.07.01 04:04:36+04:30","80950F6D6B95C6F3DEE7965DE4F7183F94E246B2271336A8EEC1B4F2B568FFA8","terra1kcthelkax4j9x8d3ny6sdag0qmxxynl3qtcrpy","MsgExecuteContract","","","0","","0.197749","USTC"
"2022.07.01 04:03:54+04:30","14C00AA85EDF1183567052BB5E03F7FC57EFD732C1BA6E8B8F9F2E117B8CB980","terra1kcthelkax4j9x8d3ny6sdag0qmxxynl3qtcrpy","MsgExecuteContract","","","0","","29.914373","Lunc"
"2022.07.01 04:02:17+04:30","ACA4B41A0AFE342D7C97936ED6CD291218E47EAA04C74355AA712BCDC2AE79D8","terra1kcthelkax4j9x8d3ny6sdag0qmxxynl3qtcrpy","MsgExecuteContract","","","0","","0.091380","USTC"
"2022.07.01 04:02:17+04:30","BFE883C92EDFE7F61FBDCD3002A1C87FE530EA6ED89C806D4259011D5DC53182","terra1kcthelkax4j9x8d3ny6sdag0qmxxynl3qtcrpy","MsgExecuteContract","","","0","","0.197753","USTC"
"2022.07.01 04:00:35+04:30","BBED253C27FD6AACCB8391B122DDE786FECECE69F467BA50FA52A179C7C06A3B","terra1kcthelkax4j9x8d3ny6sdag0qmxxynl3qtcrpy","MsgExecuteContract","","","0","","0.197755","USTC"
"2022.07.01 03:58:09+04:30","40E51E67BE54EF87CBC94A56E99DF785A9C9E94433F73AE6CDF8B5EED46CA7C9","terra1kcthelkax4j9x8d3ny6sdag0qmxxynl3qtcrpy","MsgExecuteContract","","","0","","0.305782","USTC"
"2022.07.01 03:57:52+04:30","55F63C63414EE5B43FEAA64600223991E21F51E5BE069519EEBE78F42A209F95","terra1kcthelkax4j9x8d3ny6sdag0qmxxynl3qtcrpy","MsgExecuteContract","","","0","","0.156471","USTC"
"2022.07.01 03:56:38+04:30","B772479F8877791DFAA7A7B8AF6134EB123E8ADA043B73575F7255DF5A4C10D2","terra1kcthelkax4j9x8d3ny6sdag0qmxxynl3qtcrpy","MsgExecuteContract","","","0","","0.305781","USTC"
"2022.07.01 03:54:55+04:30","E0BECFDA3D74E8021E73E2CF42D318F5A931E254C6495A4F6A9D6F343BCC8BF5","terra1kcthelkax4j9x8d3ny6sdag0qmxxynl3qtcrpy","MsgExecuteContract","","","0","","1.000000","Lunc"
"2022.07.01 03:54:19+04:30","B2587C79D64821E6777C61164F2594676E4DA11F3608AB7D78FC92EFEB7B4C90","terra1kcthelkax4j9x8d3ny6sdag0qmxxynl3qtcrpy","MsgExecuteContract","","","0","","0.298093","USTC"
"2022.07.01 03:54:13+04:30","57AE4CBA219E56DCDFB95AD5B7E15CB48906555D1A39D765D8DE1788AA1DE48A","terra1kcthelkax4j9x8d3ny6sdag0qmxxynl3qtcrpy","MsgExecuteContract","","","0","","0.298088","USTC"
"2022.07.01 03:54:01+04:30","DF67214C0FED6FD0B7D7FD22EB9D6DE3522DB2107A5FDEE6813396D880C571A6","terra1kcthelkax4j9x8d3ny6sdag0qmxxynl3qtcrpy","MsgExecuteContract","","","0","","0.022341","USTC"
"2022.07.01 03:54:01+04:30","98C5CA903E0843F34C446410D5EDE4F6ED964D74D73E7761390DEAB77E537716","terra1kcthelkax4j9x8d3ny6sdag0qmxxynl3qtcrpy","MsgExecuteContract","","","0","","0.298090","USTC"
"2022.07.01 03:53:49+04:30","9EED477C68AF749BA7DEA4E85EB8BC33C45865C62633338438EF859EC10791F1","terra1kcthelkax4j9x8d3ny6sdag0qmxxynl3qtcrpy","MsgExecuteContract","","","0","","0.075282","USTC"
"2022.07.01 03:53:49+04:30","CBFC9FCF6AD4A770A8148F7E8F9C84928FA33CF5FA8372E1C729AE8FB6562D2F","terra1kcthelkax4j9x8d3ny6sdag0qmxxynl3qtcrpy","MsgExecuteContract","","","0","","0.298086","USTC"
"2022.07.01 03:53:37+04:30","DC78B8DF93B4CD334FF36AFBF0E85BD9A8B495174B753918552E6E91749EE2FD","terra1kcthelkax4j9x8d3ny6sdag0qmxxynl3qtcrpy","MsgExecuteContract","","","0","","0.298091","USTC"
"2022.07.01 03:53:37+04:30","CEE0A7E3AC70166BB2146C522D58C966C969EF85D3335C80AB99069C5BF9C299","terra1kcthelkax4j9x8d3ny6sdag0qmxxynl3qtcrpy","MsgExecuteContract","","","0","","0.022341","USTC"
"2022.07.01 03:53:31+04:30","C91578E6326540D39C4DC7DE29B0B055DC9466230F9D70451B671142EDF63CAB","terra1kcthelkax4j9x8d3ny6sdag0qmxxynl3qtcrpy","MsgExecuteContract","","","0","","0.298089","USTC"
"2022.07.01 03:53:31+04:30","CFB9EAA59589F4907B7C82C7B976E59042F313B7A2B187D121C370F0CEA1F7FE","terra1kcthelkax4j9x8d3ny6sdag0qmxxynl3qtcrpy","MsgExecuteContract","","","0","","5.111179","Lunc"